Date,Actual,Order,neg_4_robots_robotics_robot_market,pos_4_robots_robotics_robot_market,neu_4_robots_robotics_robot_market,Topic_probability_4_robots_robotics_robot_market,Topic-wise_Values_4_robots_robotics_robot_market,tsf_lr_neg_4_robots_robotics_robot_market,tsf_lr_neu_4_robots_robotics_robot_market,tsf_lr_pos_4_robots_robotics_robot_market,neg_2_china_semiconductor_equipment_said,pos_2_china_semiconductor_equipment_said,neu_2_china_semiconductor_equipment_said,Topic_probability_2_china_semiconductor_equipment_said,Topic-wise_Values_2_china_semiconductor_equipment_said,tsf_lr_neg_2_china_semiconductor_equipment_said,tsf_lr_neu_2_china_semiconductor_equipment_said,tsf_lr_pos_2_china_semiconductor_equipment_said,neg_12_gas_energy_said_eu,pos_12_gas_energy_said_eu,neu_12_gas_energy_said_eu,Topic_probability_12_gas_energy_said_eu,Topic-wise_Values_12_gas_energy_said_eu,tsf_lr_neg_12_gas_energy_said_eu,tsf_lr_neu_12_gas_energy_said_eu,tsf_lr_pos_12_gas_energy_said_eu,neg_0_year_quarter_index_month,pos_0_year_quarter_index_month,neu_0_year_quarter_index_month,Topic_probability_0_year_quarter_index_month,Topic-wise_Values_0_year_quarter_index_month,tsf_lr_neg_0_year_quarter_index_month,tsf_lr_neu_0_year_quarter_index_month,tsf_lr_pos_0_year_quarter_index_month,neg_6_solar_inverter_energy_pv,pos_6_solar_inverter_energy_pv,neu_6_solar_inverter_energy_pv,Topic_probability_6_solar_inverter_energy_pv,Topic-wise_Values_6_solar_inverter_energy_pv,tsf_lr_neg_6_solar_inverter_energy_pv,tsf_lr_neu_6_solar_inverter_energy_pv,tsf_lr_pos_6_solar_inverter_energy_pv,neg_1_market_automation_test_global,pos_1_market_automation_test_global,neu_1_market_automation_test_global,Topic_probability_1_market_automation_test_global,Topic-wise_Values_1_market_automation_test_global,tsf_lr_neg_1_market_automation_test_global,tsf_lr_neu_1_market_automation_test_global,tsf_lr_pos_1_market_automation_test_global,neg_7_market_medical_global_devices,pos_7_market_medical_global_devices,neu_7_market_medical_global_devices,Topic_probability_7_market_medical_global_devices,Topic-wise_Values_7_market_medical_global_devices,tsf_lr_neg_7_market_medical_global_devices,tsf_lr_neu_7_market_medical_global_devices,tsf_lr_pos_7_market_medical_global_devices,neg_3_charging_ev_electric_vehicle,pos_3_charging_ev_electric_vehicle,neu_3_charging_ev_electric_vehicle,Topic_probability_3_charging_ev_electric_vehicle,Topic-wise_Values_3_charging_ev_electric_vehicle,tsf_lr_neg_3_charging_ev_electric_vehicle,tsf_lr_neu_3_charging_ev_electric_vehicle,tsf_lr_pos_3_charging_ev_electric_vehicle,neg_5_market_machine_global_cnc,pos_5_market_machine_global_cnc,neu_5_market_machine_global_cnc,Topic_probability_5_market_machine_global_cnc,Topic-wise_Values_5_market_machine_global_cnc,tsf_lr_neg_5_market_machine_global_cnc,tsf_lr_neu_5_market_machine_global_cnc,tsf_lr_pos_5_market_machine_global_cnc,neg_10_wind_hydrogen_siemens_energy,pos_10_wind_hydrogen_siemens_energy,neu_10_wind_hydrogen_siemens_energy,Topic_probability_10_wind_hydrogen_siemens_energy,Topic-wise_Values_10_wind_hydrogen_siemens_energy,tsf_lr_neg_10_wind_hydrogen_siemens_energy,tsf_lr_neu_10_wind_hydrogen_siemens_energy,tsf_lr_pos_10_wind_hydrogen_siemens_energy,neg_9_schneider_schneider electric_electric_energy,pos_9_schneider_schneider electric_electric_energy,neu_9_schneider_schneider electric_electric_energy,Topic_probability_9_schneider_schneider electric_electric_energy,Topic-wise_Values_9_schneider_schneider electric_electric_energy,tsf_lr_neg_9_schneider_schneider electric_electric_energy,tsf_lr_neu_9_schneider_schneider electric_electric_energy,tsf_lr_pos_9_schneider_schneider electric_electric_energy,neg_8_rockwell_new_said_data,pos_8_rockwell_new_said_data,neu_8_rockwell_new_said_data,Topic_probability_8_rockwell_new_said_data,Topic-wise_Values_8_rockwell_new_said_data,tsf_lr_neg_8_rockwell_new_said_data,tsf_lr_neu_8_rockwell_new_said_data,tsf_lr_pos_8_rockwell_new_said_data,neg_13_servo_market_motor_motors,pos_13_servo_market_motor_motors,neu_13_servo_market_motor_motors,Topic_probability_13_servo_market_motor_motors,Topic-wise_Values_13_servo_market_motor_motors,tsf_lr_neg_13_servo_market_motor_motors,tsf_lr_neu_13_servo_market_motor_motors,tsf_lr_pos_13_servo_market_motor_motors,neg_11_market_vision_global_sensors,pos_11_market_vision_global_sensors,neu_11_market_vision_global_sensors,Topic_probability_11_market_vision_global_sensors,Topic-wise_Values_11_market_vision_global_sensors,tsf_lr_neg_11_market_vision_global_sensors,tsf_lr_neu_11_market_vision_global_sensors,tsf_lr_pos_11_market_vision_global_sensors
2017-04,442.8261,472.8261,0.093582021,0.373374231,0.226340089,0.46747,0.225345839,0.000381377,0.023287676,0.976220466,0.135580431,0.32169663,0.376659679,1,0.028630099,0.002267921,0.653220585,0.290875516,0.240986129,0.221280454,0.485470278,1,-0.030786665,0.001911226,0.997831944,0.000440647,0.27484735,0.224145737,0.431598669,0.49,0.075482093,0.006956976,0.988904177,0.004138847,0.094152484,0.40150767,0.172133003,0.783845,0.212687381,0.000216703,0.000719342,0.999063956,0.080353955,0.355251542,0.238038889,0.37548,0.211979281,0.000534302,0.005979808,0.586021424,0.378095414,0.376657687,0.627064869,1,0.278204836,0.002315444,0.997111406,0.000573151,0.159377049,0.294472346,0.224959285,0.76866,0.220627283,0.000751352,0.061205316,0.924718836,0.060287578,0.419748374,0.181586033,1,0.272853603,7.83E-05,0.001116242,0.998785701,,,,,,,,,0.135631879,0.110399731,0.418621026,0.11099,0.113851776,0.000413816,0.999400696,0.000185488,0.121577988,0.357957424,0.236449046,1,0.099515135,0.004891027,0.022696526,0.972412447,0.05162326,0.4701803,0.163726562,1,0.283448816,1.83E-05,9.26E-05,0.999889097,0.052942636,0.429514566,0.177297176,1,0.28552957,4.31E-05,0.000467024,0.999489887
2017-05,527.8164,611.8164,0.335624103,0.352480436,0.585569598,0.25964,0.211860937,0.001974017,0.996975089,0.001050894,0.25958248,0.182737532,0.359957,0.76723,0.049658066,0.037816635,0.904417349,0.00296513,0.230042681,0.199155526,0.417066025,1,-0.037805985,0.006469176,0.979563698,0.013967125,0.352965704,0.312688267,0.509890521,0.51737,0.096539563,0.006900723,0.991442555,0.000397221,0.080560841,0.385995768,0.248671982,0.57055,0.187772556,0.000403079,0.004574516,0.985735568,0.1237769,0.289852943,0.284998719,0.27522,0.178937401,0.001430861,0.497298614,0.501270525,0.114539705,0.208336875,0.388893838,0.71846,0.155131769,0.000819307,0.993007057,0.006173636,0.193287831,0.324037507,0.301601612,0.748685,0.229466094,0.003822286,0.495428696,0.500749018,0.073876819,0.416711032,0.167126842,1,0.270879208,0.000137315,0.000624899,0.999275558,0.094355367,0.362455597,0.209370874,1,0.178344629,0.00046483,0.007304051,0.992231119,,,,,,,,,,,,,,,,,0.058738665,0.423657033,0.198694678,1,0.255402203,6.36E-05,0.000950638,0.998985718,0.057893426,0.338081156,0.266759798,0.666775,0.181443315,0.00078516,0.109072098,0.890142741
2017-06,499.8779,499.8779,0.176347925,0.269407731,0.312113467,0.52709,0.19250372,0.002886047,0.498903571,0.498210382,0.102579429,0.24321998,0.397377861,0.46932,0.07288147,0.000420761,0.990466962,0.009304547,0.243581591,0.158468692,0.373703607,1,-0.033875291,0.056500541,0.936384241,0.007115219,0.210870149,0.202393089,0.478917834,0.46222,0.085199577,0.000648514,0.998842544,0.000212168,,,,,,,,,0.121338955,0.271035452,0.258702865,0.28473,0.235869216,0.002455605,0.0028307,0.250871825,0.124764028,0.237217454,0.357471578,0.869225,0.152594084,0.002941205,0.932924884,0.064133911,0.249704859,0.309586756,0.468629711,0.71932,0.216829667,0.001993473,0.992655266,0.000806349,0.093557184,0.387946611,0.213152175,0.604975,0.219485564,0.000646469,0.005272392,0.994081139,0.148373332,0.143949787,0.384967651,1,0.189421583,0.000927941,0.997593927,0.001478132,0.080833761,0.378323591,0.230939441,0.52018,0.204622295,0.000373723,0.008905594,0.990720683,0.115095214,0.225048836,0.379319148,0.30956,0.0943963,0.001220106,0.98593658,0.012843314,,,,,,,,,0.090219751,0.239190304,0.349652192,1,0.232439241,0.001061893,0.950712991,0.048225115
2017-07,510.8917,598.8917,0.084738962,0.387134384,0.212968682,0.45559,0.19191035,0.000389308,0.004516643,0.995272576,0.147830049,0.258309033,0.35547312,0.752095,0.047835605,0.002649359,0.548218007,0.330418495,0.154351878,0.250686748,0.347801273,1,-0.03098575,0.00666322,0.953125993,0.009935033,0.324116081,0.251019841,0.417206189,0.597875,0.06774002,0.002671933,0.99632037,0.001120617,0.088004118,0.179761172,0.456129604,0.49185,0.175600925,6.78E-05,0.999601524,0.000330639,0.081838226,0.38847655,0.226360595,0.28195,0.24695052,0.000473835,0.005463086,0.994063079,0.154657934,0.169937215,0.388907458,1,0.17254345,0.001787428,0.995712834,0.002499738,0.098503737,0.398226022,0.21334234,0.476865,0.170694378,0.000802985,0.003440441,0.995756574,0.057197929,0.230984407,0.385202238,1,0.262162797,0.000226258,0.985171508,0.014602233,0.755712673,0.286063585,0.377537605,1,0.371844986,0.999682426,0.000197383,0.000120192,0.057024548,0.390682752,0.209551891,1,0.300461523,0.000117539,0.002841975,0.997040487,0.293742959,0.159781322,0.49971153,1,0.138923952,0.006293149,0.993639893,6.70E-05,0.05803158,0.330268209,0.299783562,1,0.265940242,4.74E-05,0.499243579,0.500708996,,,,,,,,
2017-08,459.7609,459.7609,0.070297627,0.36998351,0.297556721,0.37283,0.20621269,0.000151008,0.764373507,0.224062693,0.520477236,0.311506513,0.418295531,1,0.034075435,0.421030716,0.577621016,0.001303564,0.227720137,0.174015625,0.396548805,1,-0.033766327,0.006219243,0.993468288,0.00148135,,,,,,,,,0.057826532,0.444900842,0.170966358,1,0.259525491,3.58E-05,0.000218783,0.999745443,0.072355042,0.239150374,0.374688328,0.40579,0.234873306,7.44E-05,0.97870483,0.020868772,0.216924073,0.367003581,0.440169734,0.70341,0.204531467,0.001973855,0.532988112,0.465038033,0.121357911,0.172621235,0.421845393,0.43792,0.163903773,0.000311744,0.998557016,0.00113869,0.059567341,0.444506994,0.180799324,0.39843,0.222783176,5.05E-05,0.000400988,0.999560288,0.127051807,0.332715862,0.210841661,1,0.163711327,0.001804673,0.015390437,0.982804889,0.058453608,0.405466518,0.19022905,0.15237,0.121959935,0.000124371,0.001393473,0.998482156,0.117615795,0.38526952,0.1964901,1,0.112443955,0.001388303,0.004770204,0.993253259,0.052268713,0.425241485,0.196216608,1,0.256357392,5.60E-05,0.000574301,0.9993737,0.074562785,0.350615275,0.239183835,1,0.233079473,0.000631525,0.027290316,0.970986435
2017-09,531.9827,520.9827,0.100326456,0.294860989,0.262098852,0.46231,0.242214862,0.000311404,0.194059052,0.801583735,0.14272456,0.267378677,0.35924723,1,0.02940875,0.003420989,0.82898717,0.02929496,0.130644007,0.152945811,0.389550042,1,-0.03531173,0.000916633,0.997907283,0.001176084,0.281457886,0.282903528,0.456490337,0.797345,0.051430932,0.0095723,0.779908567,0.000740413,0.488773467,0.30881104,0.577441423,0.60412,0.277109376,0.078201541,0.921120749,0.00067771,0.143964827,0.349280787,0.196192921,0.33195,0.20902266,0.001265176,0.003301374,0.993573077,0.070906146,0.445030018,0.146897647,0.1599,0.109522318,5.37E-05,0.000118982,0.999827276,0.085154929,0.334887158,0.257198479,0.709605,0.179176545,0.000909207,0.168174843,0.826208989,0.050857631,0.456428276,0.156441406,1,0.281021295,2.34E-05,0.000160507,0.999816129,0.103187899,0.324533563,0.249557867,0.21906,0.085421443,0.003156505,0.115216511,0.881626984,0.078580043,0.375342603,0.20667624,0.18494,0.109706008,0.000397827,0.00423446,0.995367713,0.112192171,0.175793278,0.379619665,0.574195,0.112885445,0.000484521,0.985724078,0.00294058,0.047334612,0.354759084,0.284237776,1,0.236284715,0.000181237,0.448665858,0.551152905,0.067505721,0.411992041,0.175432034,0.14883,0.185319021,0.00012124,0.000651354,0.999227406
2017-10,508.4533,514.4533,0.107387562,0.226685006,0.369519085,0.42931,0.199017021,0.000369765,0.991242445,0.007732873,0.469940172,0.326464244,0.385221079,0.18172,0.10295604,0.868469153,0.0173807,0.001424924,0.285635661,0.246135197,0.492820668,0.63828,0.040138247,0.006107464,0.992958756,0.00093378,0.297675288,0.2936986,0.433074985,0.57703,0.058891338,0.01528023,0.620422789,0.364296981,0.143459436,0.255263975,0.280014129,0.56703,0.15242552,0.008990459,0.501224782,0.489784758,0.095591251,0.266903856,0.243478349,0.40023,0.218954267,0.000534487,0.017092131,0.01560683,0.112294541,0.286978912,0.280310739,0.529815,0.165424752,0.000327145,0.499561438,0.500111417,0.113659043,0.321641513,0.230527911,0.69047,0.203257873,0.001285967,0.009641166,0.984310464,0.057661075,0.468010978,0.162218091,0.38392,0.25948918,2.33E-05,0.000121852,0.999854846,0.154384584,0.270079242,0.326214725,1,0.160512472,0.006708889,0.764698096,0.228593015,0.085307563,0.381406097,0.193848533,1,0.293327146,0.000235799,0.00201283,0.99775137,0.358843095,0.326956538,0.29443078,0.173305,0.097008386,0.430437513,0.070146806,0.499415681,0.077502801,0.269434132,0.358125128,1,0.215896208,0.000457295,0.969825646,0.029282533,,,,,,,,
2017-11,474.0874,412.0874,0.058223546,0.434097127,0.176603073,0.38627,0.218462615,6.34E-05,0.000527709,0.999408861,0.317861837,0.294614922,0.386055321,0.219435,0.079165775,0.067151994,0.390174044,0.001697311,0.139066012,0.209179171,0.315396823,0.24797,0.073471396,0.009707177,0.93308744,0.057205383,0.144400315,0.301922264,0.413983049,0.68788,0.059886763,0.002302079,0.975700909,0.002280923,0.060358971,0.383835103,0.211777048,0.7997,0.22390381,0.000102738,0.00431451,0.995491593,0.097269835,0.310027633,0.272042181,1,0.222120909,0.001613268,0.041666761,0.9462231,0.324765567,0.153753081,0.300358833,0.42737,0.16091722,0.757089721,0.216333248,0.009422259,0.169296786,0.243986942,0.392796243,0.49115,0.187759641,0.014622573,0.523197229,0.006160278,0.059493507,0.438362084,0.154430876,1,0.284953276,4.58E-05,0.000235956,0.999718235,0.390767672,0.330965315,0.310208716,1,0.266215975,0.49926643,0.003776126,0.496957443,0.079122055,0.361139333,0.217562955,1,0.277740631,0.000624721,0.010935219,0.98844006,0.0936897,0.353536956,0.300281195,1,0.12168242,0.003903183,0.003446055,0.809970577,0.115912159,0.166670846,0.448794277,1,0.270556224,0.000156404,0.999472224,0.000371372,,,,,,,,
2017-12,461.7058,479.7058,0.082638694,0.336849778,0.237064317,0.45699,0.192510757,0.000626641,0.031391857,0.9671978,0.295423527,0.346476683,0.2399722,0.3287,0.092784593,0.005389587,0.002483557,0.004567665,,,,,,,,,0.527919211,0.293750105,0.327086452,0.682035,0.047031524,0.604968562,0.018917396,0.000894975,0.123659728,0.282934587,0.304567029,0.48913,0.158728631,0.002364926,0.766161416,0.225925757,0.071816038,0.396201769,0.21750515,0.52628,0.218901485,0.00024462,0.003900891,0.995944062,,,,,,,,,0.117071395,0.216774749,0.348432713,0.70551,0.188930253,0.001441973,0.971212663,0.027221115,0.163656263,0.140014948,0.318633086,1,0.246102365,0.003355985,0.870802768,0.006425259,,,,,,,,,0.142668314,0.240326765,0.303608488,0.565915,0.18486112,0.002070521,0.506780605,0.491148874,0.112687196,0.195313322,0.382895827,0.541575,0.107581527,0.001654487,0.993805794,0.002618264,0.055758245,0.385375846,0.234681967,1,0.256331993,0.000131636,0.143699391,0.855788275,0.10468758,0.358930294,0.198669651,1,0.238607071,0.000725359,0.005439513,0.993835128
2018-01,533.4576,533.4576,0.098557541,0.371792669,0.226085694,0.33901,0.181912941,0.000248397,0.005079974,0.994659114,0.138709917,0.293518741,0.403979499,0.73186,0.070133106,0.00442344,0.492474478,0.003049311,0.437516293,0.320530012,0.524100404,0.75147,0.009348657,0.355000333,0.641126447,0.00387322,0.186635983,0.242109879,0.332900994,0.792025,0.040216635,0.009884843,0.467222519,0.027733092,0.113489758,0.289412761,0.271819536,0.740795,0.174926509,0.003126222,0.474218842,0.522654936,0.085025338,0.411501626,0.1764771,0.56331,0.222223899,0.000145417,0.000465296,0.999292268,0.10689457,0.352009108,0.205051675,0.04395,0.054395348,0.001383132,0.008719295,0.989897573,0.106745826,0.34846881,0.238156875,1,0.234042321,0.001418207,0.027003535,0.971364742,,,,,,,,,0.242226194,0.343773796,0.420428978,1,0.229099638,0.002619518,0.521299948,0.476080534,0.046527059,0.426459266,0.200011813,0.13379,0.147525906,6.40E-05,0.001114318,0.998821695,0.493968406,0.322031145,0.336643509,0.50838,0.137327316,0.981224379,0.010289927,0.007938406,0.067049183,0.40152539,0.199659849,1,0.242060113,0.00014701,0.001704748,0.998148242,0.095919649,0.331099251,0.260955544,1,0.222765674,0.00139523,0.252099847,0.746504924
2018-02,494.3333,515.3333,0.093543308,0.327771139,0.257803149,1,0.217856602,0.0006099,0.0488242,0.9505659,0.225682854,0.258821627,0.42347192,0.600675,0.071158449,0.006432564,0.991629239,0.000491456,0.272390119,0.134654587,0.456095589,0.52509,0.059169224,0.004679154,0.995182031,0.000138815,0.147217767,0.264625191,0.294916457,1,0.002868368,0.002831782,0.632826745,0.358481853,0.081031416,0.390906552,0.214218075,0.55515,0.185105642,0.00028982,0.003934433,0.995775746,0.113062741,0.293193723,0.319990632,0.83734,0.221652062,0.001685821,0.027122505,0.097886114,0.09609985,0.297810489,0.268040364,0.18395,0.114536929,0.002864307,0.386172164,0.610963529,0.092872576,0.380774417,0.197301075,0.57148,0.218411337,0.000327211,0.003225912,0.996270711,0.194032176,0.185580136,0.434323368,0.328505,0.228086888,0.003958846,0.992419761,0.003621394,0.316518301,0.380069987,0.569420666,1,0.28018085,0.001434823,0.994975133,0.003590044,0.092261995,0.18492023,0.385227072,1,0.296265735,0.000404963,0.99459026,0.005004777,0.144995337,0.311999246,0.271104683,1,0.103105184,0.010659978,0.16724127,0.822098752,0.044351905,0.463793669,0.163239329,1,0.279598628,1.76E-05,0.000103223,0.999879142,,,,,,,,
2018-03,581.6604,622.6604,0.071336946,0.344230394,0.250069379,0.388215,0.202016537,0.000515221,0.047270552,0.952009136,0.291630288,0.174389302,0.389116019,0.5226,0.097882391,0.011147469,0.582143762,0.001368725,0.356410793,0.231476594,0.366706316,1,-0.042069156,0.494612856,0.501441989,0.003945155,0.318491519,0.283468135,0.30038055,0.813935,0.052883567,0.046591214,0.154538992,0.301380776,0.09109988,0.368316146,0.169244381,0.65535,0.197747133,0.000787005,0.001493995,0.997488455,0.058489632,0.420406189,0.18340285,0.43757,0.210633994,9.33E-05,0.000480294,0.999410657,,,,,,,,,0.117944137,0.27391715,0.281010368,0.794795,0.210418681,0.003191844,0.093203704,0.128974169,0.068965315,0.389930884,0.198886525,1,0.247163885,0.000584013,0.028884161,0.970531825,0.149795593,0.091313423,0.433064338,0.2013,0.113995676,0.000338892,0.999589312,7.18E-05,0.076613399,0.390298164,0.198764241,0.666615,0.232712285,0.0001926,0.002212755,0.997594645,0.169014121,0.226379085,0.315262402,0.76957,0.101177351,0.007216532,0.515170205,0.055340708,,,,,,,,,0.077653594,0.261081928,0.33722982,1,0.224181187,0.001110073,0.883039048,0.115850878
2018-04,574.7769051,668.7769051,0.090331702,0.353178955,0.251919708,0.22794,0.137895597,0.000744054,0.036887132,0.962273084,0.139480474,0.323452114,0.289970679,0.77845,0.064675114,0.003273234,0.004159829,0.017186317,0.337396964,0.140921166,0.235448634,0.57667,0.036143131,0.843129621,0.124720236,0.032150142,0.156698556,0.337554639,0.396535336,0.45809,0.067646101,0.003851224,0.867455428,0.06890438,0.115285409,0.32593313,0.301746062,1,0.201489084,0.003669056,0.54796379,0.448367154,0.073670896,0.350447366,0.255635681,0.32169,0.211235893,0.000549834,0.043702918,0.955747248,0.096893998,0.181052677,0.415593289,0.63466,0.145162487,0.000262222,0.998199493,0.001538285,0.107844221,0.257505772,0.30932675,0.58593,0.203395716,0.000588833,0.475662733,0.52101428,0.06773456,0.404980516,0.192012674,0.36253,0.213233677,0.000135523,0.001970228,0.997894249,,,,,,,,,0.151563025,0.25838583,0.421581089,1,0.317776062,0.000446712,0.754010278,0.003889104,0.182752613,0.177158536,0.449184921,1,0.124877136,0.000667727,0.999261578,0.000183418,0.066663021,0.414442692,0.201214348,1,0.249847326,0.000368649,0.013507136,0.986124215,0.069044936,0.322607839,0.283371015,1,0.26650341,0.000233409,0.494124245,0.505642346
2018-05,608.7427902,648.7427902,0.07864711,0.281453136,0.283297555,0.499095,0.215030146,0.000356576,0.478957893,0.517031469,0.526118942,0.318720185,0.388821642,0.54041,0.088100287,0.559038522,0.114306692,0.000594894,0.358338674,0.143303854,0.300904996,0.713295,0.009311554,0.514470965,0.482026449,0.003502586,0.156814831,0.260818215,0.394881219,0.682695,0.046737005,0.005638201,0.748136173,0.026854881,0.133879107,0.337874614,0.197826288,1,0.197093525,0.002351836,0.007564165,0.990083998,0.104673012,0.368111954,0.230322212,0.26087,0.198401376,0.00053114,0.016668409,0.982114395,0.069077536,0.387535329,0.212744476,1,0.171934688,0.000275871,0.00536282,0.994361309,0.118973132,0.287806587,0.28629861,0.605825,0.189165181,0.000921025,0.49487382,0.503569382,,,,,,,,,0.079341622,0.396249089,0.195506907,1,0.194972563,0.000144939,0.001955992,0.997899069,0.150714558,0.157500169,0.372583201,0.66778,0.216345318,0.000684515,0.980445993,0.01339033,0.127334596,0.340082763,0.388074074,1,0.107887813,0.003442318,0.98121024,0.010339596,0.043679404,0.519366441,0.146960113,1,0.313100746,4.40E-06,1.33E-05,0.999982258,,,,,,,,
2018-06,584.0869989,596.0869989,0.08410775,0.357738701,0.21606699,0.28784,0.205421789,0.000684684,0.010059869,0.988861997,0.432534056,0.284911623,0.315233718,0.655,0.065897954,0.076492529,0.036497789,0.001438297,0.303529469,0.074820199,0.338315897,1,-0.030667484,0.132676874,0.866190118,0.001133008,0.170002855,0.339598501,0.191011336,0.57376,0.062744563,0.000619481,0.005138253,0.988293993,0.075309911,0.386729411,0.19847194,0.769495,0.190897816,0.000330317,0.002400976,0.997357885,0.076713737,0.415294304,0.173525798,0.855275,0.235066225,0.000161811,0.000399046,0.999385535,0.122833498,0.285482874,0.278444414,0.745605,0.132795221,0.006857323,0.485272296,0.507870381,0.100582766,0.378758048,0.2418505,0.73932,0.198853227,0.000743972,0.013715774,0.985540253,0.06191335,0.354316276,0.256006481,0.58162,0.246132794,0.000317888,0.051093168,0.948389384,,,,,,,,,,,,,,,,,0.140122172,0.198781422,0.351804609,0.166,0.093049476,0.007861309,0.766064815,0.002463426,0.05443746,0.38816482,0.254064649,1,0.234005676,0.00021967,0.014831328,0.984949002,,,,,,,,
2018-07,550.6255512,450.6255512,0.116792264,0.280374232,0.276638645,0.40404,0.194903104,0.002219162,0.497455452,0.500325386,0.275860207,0.259034108,0.364344174,0.61114,0.069457425,0.02899709,0.814211412,0.003487202,,,,,,,,,0.156031836,0.310764784,0.222689253,1,0.004365746,0.004178047,0.017231809,0.930132776,0.120500361,0.313023335,0.249668062,0.78534,0.193661742,0.004676897,0.033227397,0.839302752,0.069774195,0.368736461,0.22141578,0.28039,0.216644513,0.000407559,0.006521481,0.992241973,,,,,,,,,0.164070741,0.188842606,0.430239561,0.71846,0.225446734,0.000974898,0.997643109,0.001381992,0.078518926,0.39972613,0.197914042,1,0.259838326,0.000304062,0.005197669,0.994500124,0.402330818,0.107306891,0.258201028,1,0.19796505,0.895712697,0.096954766,0.007332537,,,,,,,,,0.081300274,0.42237361,0.190433058,1,0.117423369,0.000281705,0.001073122,0.998645173,0.058597441,0.403481761,0.221694595,1,0.243239514,0.000137104,0.003397964,0.996464932,0.076861495,0.436854187,0.172016834,1,0.290408749,8.52E-05,0.000299271,0.999615566
2018-08,554.4335117,626.4335117,0.088211273,0.213074897,0.367134969,0.33164,0.195096821,0.0004881,0.982389129,0.017122771,0.170917595,0.307374865,0.379134188,0.49806,0.075475211,0.008524893,0.410866985,0.002886804,0.391948743,0.155836677,0.274003599,1,-0.035529167,0.897566061,0.091231381,0.011202558,0.232675902,0.186405148,0.397079562,1,0.004462134,0.006928454,0.988225969,0.002982215,0.179026331,0.256998541,0.324392936,0.73304,0.212101545,0.001865628,0.499921259,0.498213113,0.07203372,0.404418265,0.193456549,0.56995,0.227754277,0.000204322,0.001236124,0.998559554,0.176351913,0.27206397,0.332744852,0.75795,0.141359368,0.008151598,0.604613066,0.383552514,0.116737734,0.395105073,0.177819143,0.53106,0.160561448,0.001410673,0.001124416,0.99746491,0.088018799,0.260550694,0.318635907,0.633355,0.187804299,0.001723393,0.808913797,0.189126749,0.463929849,0.357247837,0.552526689,1,0.271868246,0.065056873,0.930014149,0.004928977,,,,,,,,,0.088782657,0.413311102,0.168017564,1,0.114903916,0.00045402,0.000619899,0.998926081,0.05591652,0.462195472,0.173221569,1,0.278635152,3.46E-05,0.000214526,0.999750922,0.063843328,0.426726304,0.177570437,0.81543,0.263181455,6.26E-05,0.000495739,0.999441664
2018-09,591.223196,603.223196,0.060330978,0.393399628,0.221981481,0.75902,0.242625042,8.18E-05,0.004434368,0.995483838,0.363605385,0.256109789,0.396309123,0.7151,0.06979105,0.053183942,0.688362057,0.00249408,0.62006922,0.329400001,0.434851278,1,-0.056207713,0.987316193,0.011165906,0.0015179,0.145638246,0.206656766,0.380779937,0.56431,0.067896956,0.001604339,0.990869489,0.002115763,0.392222928,0.277360494,0.594901625,0.52296,0.27902097,0.004523435,0.995345581,0.000130984,0.089971993,0.344031709,0.21998825,0.37887,0.210703708,0.001306559,0.009692969,0.970559595,0.145487837,0.338496372,0.329806803,1,0.177576542,0.001019655,0.454668012,0.49431498,0.140676684,0.227185706,0.414415001,0.41869,0.207608656,0.001087524,0.997561871,0.000371787,0.083632724,0.380513202,0.185829195,1,0.247349138,0.000347859,0.002938504,0.996713636,,,,,,,,,0.07399165,0.377019719,0.210276454,1,0.300800149,0.000229627,0.004005809,0.995764564,0.364908143,0.257344354,0.340359764,0.501765,0.117346065,0.308977696,0.025139863,0.004558881,0.078605753,0.331203101,0.266327165,1,0.212352434,0.001320364,0.349905854,0.648773782,0.064576518,0.408866473,0.17750988,0.7178,0.242311796,9.60E-05,0.000810669,0.99909337
2018-10,657.7899628,721.7899628,0.091609155,0.372773845,0.221709028,0.53053,0.2427818,0.00052951,0.010104042,0.988531165,0.218176364,0.284472686,0.371852131,0.74339,0.042205408,0.001651977,0.368620389,0.015383731,0.157808667,0.156069481,0.385340808,1,-0.034930174,0.00191975,0.996495243,0.001585007,0.306897263,0.301685103,0.38755903,1,0.004546544,0.021652469,0.201982326,0.01004526,0.150251938,0.406232659,0.386307993,0.79109,0.211865801,0.001402373,0.050225588,0.936939552,0.075361431,0.378594622,0.216178794,0.39502,0.220284644,0.000277413,0.007071636,0.992643726,0.121727934,0.312088216,0.247805047,1,0.143372123,0.005188514,0.089461288,0.905268305,0.122373496,0.370645467,0.260851189,0.61484,0.212713496,0.000884417,0.00461042,0.986391799,0.109691628,0.324462718,0.20201092,1,0.254537451,0.004036312,0.038057534,0.51289534,,,,,,,,,0.096444151,0.356733838,0.236759814,0.54838,0.180872935,0.000900124,0.021327996,0.97777188,0.097972145,0.30583891,0.290301163,0.7241,0.095743827,0.0017957,0.291906004,0.498099318,0.100199286,0.166956756,0.489458018,1,0.295070414,3.78E-05,0.99986619,9.60E-05,0.092223118,0.361233289,0.228301132,1,0.248749609,0.000641642,0.01385018,0.985508178
2018-11,629.5579481,711.5579481,0.101909782,0.290836026,0.297356342,0.47033,0.238381125,0.002720694,0.258361406,0.500652222,0.259602396,0.300587266,0.40130319,0.42312,0.092478183,0.006957623,0.168049221,0.001200965,0.198488489,0.198751983,0.382791701,0.42587,0.04749453,0.006033235,0.985050548,0.003889114,0.399346744,0.311224374,0.572685354,1,0.004062751,0.001260101,0.996161858,0.00033883,0.088559419,0.394705342,0.220574969,0.86987,0.218873645,0.001762304,0.372809276,0.62542842,0.112434703,0.358815666,0.19688514,0.82877,0.232947901,0.000999244,0.007477139,0.991347092,0.099556813,0.294193629,0.203010978,1,0.168379721,0.000702764,0.031186553,0.953966748,0.172811607,0.255441537,0.387227347,1,0.228260093,0.012672127,0.570220931,0.002914356,0.09932429,0.36645435,0.221704699,0.39659,0.198018787,0.00067795,0.013514037,0.985808013,0.481250121,0.299400584,0.51500514,0.23464,0.138418509,0.24377296,0.753467946,0.002759094,0.065482412,0.421655916,0.167889767,0.11232,0.14178243,5.09E-05,0.000503551,0.999396276,0.157699948,0.36887012,0.324232343,1,0.110924774,0.006297851,0.418551079,0.57068917,,,,,,,,,0.327437671,0.200184408,0.481674994,1,0.3202044,0.009539962,0.989945223,0.000514814
2018-12,518.7064571,588.7064571,0.110911917,0.360837346,0.400243716,0.44009,0.165966879,0.000582186,0.055382285,0.009932025,0.406765953,0.244802904,0.404523337,0.41195,0.096684282,0.153815677,0.55686264,0.001662737,0.21204036,0.130703948,0.47816345,1,-0.038821881,0.001101498,0.998534298,0.000186961,0.341296343,0.387093638,0.378106497,0.78664,0.033902333,0.018367609,0.343817433,0.492434394,0.132038408,0.213843587,0.407503925,0.692505,0.20378633,0.003945132,0.991800615,0.002526373,0.108921259,0.354176037,0.256770192,0.36997,0.210817363,0.00050119,0.048501967,0.949222589,0.084224307,0.3081029,0.320270377,1,0.195691652,9.34E-05,0.500079763,0.499826836,0.098101935,0.358588725,0.216189097,1,0.217201964,0.000210331,0.005588162,0.994212637,0.099850805,0.370806811,0.206330489,1,0.227266098,0.000699714,0.007076226,0.99222406,0.077827524,0.388546151,0.192618883,1,0.191182367,0.000163489,0.002203519,0.997632992,0.105598047,0.366526324,0.195051593,0.1641,0.113093183,0.000442158,0.007125139,0.992326289,0.078870761,0.419299241,0.20032629,0.827635,0.111182935,0.00030721,0.001813299,0.99797541,0.076770442,0.351434968,0.269066475,0.722705,0.260474133,0.000167832,0.497697747,0.502134421,0.123726732,0.146656939,0.426339248,1,0.283418705,0.000227072,0.999378665,0.000394263
2019-01,537.7024097,527.7024097,0.104464768,0.336565352,0.261196785,0.839775,0.24258516,0.000793506,0.097309609,0.900483132,0.385193093,0.281963911,0.392439856,0.38399,0.107931781,0.020557788,0.036847546,0.00055936,0.165770723,0.179954608,0.354474888,0.19871,0.066975431,0.006410221,0.985587842,0.008001937,0.331432294,0.235377778,0.394693461,0.75594,0.038252782,0.339162324,0.173206733,0.001398057,0.123059981,0.26102252,0.29440556,1,0.212615673,0.000693154,0.495456792,0.492231051,0.059926131,0.406615914,0.199760004,0.34626,0.22386125,0.000157298,0.001590328,0.998252374,0.117641189,0.34183038,0.31436523,0.809565,0.171170951,0.000677702,0.008123521,0.498627844,0.108262148,0.262343941,0.378274507,1,0.189609387,0.000944659,0.986293745,0.012761596,0.118955321,0.292077791,0.257815788,0.27665,0.190247963,0.000799596,0.187731545,0.502133466,,,,,,,,,0.253756729,0.347967083,0.423928118,0.349405,0.194613201,0.001059363,0.501071176,0.497869461,0.370190278,0.362661395,0.297956783,0.56307,0.13688048,0.499796538,0.003966983,0.49623648,0.100894404,0.149453308,0.501173126,1,0.302132882,2.62E-05,0.999932583,4.12E-05,0.091080707,0.343954502,0.219075176,1,0.27130009,0.000195653,0.015146464,0.983339666
2019-02,473.815731,473.815731,0.085981147,0.359556001,0.247621113,0.510125,0.205006122,0.000505682,0.038376949,0.960465112,0.168716674,0.22030083,0.400016789,1,0.032957129,0.007455758,0.976522428,0.000898456,0.147714561,0.122440729,0.430634714,0.78444,-0.001192454,0.000442992,0.999409329,0.000147678,0.315843879,0.302837322,0.401579917,0.65719,0.067275499,0.010090174,0.955294415,0.00221955,0.122514651,0.350947576,0.190649744,0.797795,0.182360809,0.005866287,0.009330774,0.984802939,0.073556401,0.395665839,0.19935186,1,0.241592323,0.000274689,0.001528922,0.99815378,0.112652678,0.244837028,0.313690486,0.52526,0.093995267,0.004088809,0.529106168,0.466805023,0.122355179,0.311814914,0.335028491,0.87934,0.196034503,0.001641103,0.895215143,0.098589944,0.107707862,0.246180262,0.362820211,1,0.243210642,0.000499087,0.972821404,0.026679509,0.097342961,0.374604475,0.196938344,0.81643,0.171154992,0.000399671,0.005496768,0.994103561,0.08523831,0.363340156,0.213753526,1,0.279433213,0.000405076,0.006281131,0.993313793,0.128103617,0.282659428,0.419870404,1,0.122843983,0.0009148,0.97798822,0.00233873,0.045740491,0.428185833,0.192395308,1,0.258132396,4.90E-05,0.000696105,0.999254865,0.096443821,0.337340241,0.229007141,1,0.224254592,0.001199224,0.026431618,0.972369158
2019-03,582.2783726,582.2783726,0.101192459,0.307070249,0.292895514,0.36172,0.181314738,0.000603603,0.461902039,0.537066241,0.221990874,0.160498692,0.399067013,0.375625,0.085079888,0.011337116,0.948704153,0.000479403,0.336149467,0.221255166,0.531368044,1,-0.047162801,0.005167662,0.994667677,0.00016466,0.347285895,0.287107278,0.39720653,0.596115,0.075892193,0.050342692,0.486147373,0.00176804,0.114679248,0.247913488,0.326626465,0.44685,0.162133388,0.001765479,0.863715955,0.133731742,0.076891997,0.276904191,0.328259826,0.35915,0.223102406,0.000311121,0.419077572,0.390828896,0.122910548,0.232586756,0.406462398,1,0.186331213,0.00061835,0.987825811,0.001520384,0.115558159,0.232073866,0.387628507,1,0.210215872,0.000799603,0.982073706,0.004969847,0.071218156,0.328779044,0.260266042,1,0.231368761,0.000320586,0.406822933,0.592197723,0.063577611,0.235463471,0.363062913,1,0.178643456,0.000315625,0.973281753,0.026402622,0.086671778,0.399461362,0.176336622,0.1248,0.115935655,0.000243754,0.000973279,0.998782967,0.087489754,0.399792266,0.188965176,1,0.111145568,0.000581101,0.000789105,0.998629794,0.090196156,0.355497441,0.266849556,1,0.214312103,0.001027489,0.047383981,0.95158853,0.063055442,0.372493652,0.234749213,1,0.255441783,0.000760748,0.30758314,0.691656112
2019-04,554.5264096,598.5264096,0.07299843,0.339919391,0.239633934,0.50964,0.256806913,0.000426033,0.033773567,0.96526359,0.385191642,0.299916404,0.379306871,0.63246,0.082576711,0.045904262,0.827773778,0.003041727,0.727743336,0.280144828,0.394040044,1,-0.065968101,0.999556569,0.000372781,7.06E-05,0.194323188,0.247059554,0.413527349,0.50308,0.080096828,0.004128182,0.87295747,0.001547353,0.12510169,0.35833489,0.224419836,1,0.223099514,0.001117398,0.005991309,0.993774086,0.101406977,0.356524804,0.225566627,0.824295,0.223919736,0.000967759,0.013603332,0.985959205,0.159939237,0.239051951,0.287876993,0.36784,0.155010413,0.003883055,0.533948054,0.089273941,0.150162027,0.349391933,0.296435648,0.78767,0.209296305,0.001816806,0.116578101,0.6893004,0.089334589,0.347746925,0.23477678,1,0.226049718,0.000720452,0.033680826,0.965200947,0.667236433,0.333694611,0.396767485,0.56859,0.26343074,0.996833941,0.001728955,0.001437105,0.064814742,0.395956582,0.217376589,1,0.304517456,8.20E-05,0.003314667,0.996603373,0.086189845,0.410371107,0.183811727,1,0.114086573,0.000611463,0.001187361,0.998002146,0.056196168,0.406132468,0.206955193,0.76011,0.231141418,0.000194565,0.005548381,0.994257053,0.108760407,0.293313722,0.291788035,0.774185,0.229515734,0.000632757,0.497702946,0.501664298
2019-05,525.9474706,513.9474706,0.068285774,0.399459176,0.186286284,0.147035,0.124067812,0.00019398,0.00246057,0.99734545,0.339936342,0.252120271,0.38069257,0.3194,0.099882224,0.031862877,0.620877148,0.00182812,0.262173156,0.235502853,0.390427038,0.58778,0.046445774,0.004114821,0.994521721,0.000972676,0.416553709,0.310676916,0.485287307,1,0.004590576,0.011573707,0.896059554,0.000942655,0.085038816,0.381181828,0.211217768,1,0.24852277,0.000427365,0.007133915,0.992324275,0.088877795,0.377789293,0.224681769,0.34501,0.210339276,0.000467662,0.007768972,0.991838177,0.10489318,0.357938331,0.230505673,0.11564,0.0747388,0.000629109,0.017011181,0.981611285,0.123647008,0.266917662,0.354906304,0.958425,0.213232933,0.000747166,0.497026293,0.011924141,0.125873897,0.220070625,0.309429402,0.34493,0.177520988,0.002923135,0.796775726,0.185569593,0.119824793,0.139646072,0.432587424,1,0.212852676,0.000125328,0.999612747,0.000231882,0.102548584,0.352467342,0.222647732,0.743285,0.218875275,0.000912107,0.011774114,0.987313778,0.266886476,0.206533342,0.25256038,0.79501,0.102166332,0.479046242,0.012703774,0.022409337,0.071526004,0.417109854,0.195709748,1,0.251455228,0.000111183,0.000996296,0.998892521,0.093014219,0.296486791,0.296454243,0.192455,0.167228784,0.000222496,0.499604322,0.500173182
2019-06,477.9714341,523.9714341,0.076519213,0.372418538,0.224735552,0.38589,0.200621239,0.000369574,0.012151279,0.986953648,0.316165497,0.308902683,0.391042661,0.402055,0.082407418,0.009348992,0.605648343,0.003109405,0.143969408,0.177698627,0.430268556,0.644235,0.027176973,0.000753223,0.998139189,0.001107588,0.2397588,0.33700566,0.354739775,0.858425,0.032735259,0.004952563,0.033664111,0.468742423,0.34070634,0.325249266,0.349069132,1,0.255030442,0.438272809,0.0750089,0.440755268,0.10750851,0.282971305,0.313239866,0.318465,0.202806186,0.001032919,0.536300003,0.4601456,0.081627012,0.380817374,0.183190636,1,0.192045463,0.000169581,0.001410826,0.997476792,0.404284949,0.310341358,0.249010218,1,0.243058385,0.015111618,0.0396817,0.013170705,0.06466603,0.449442841,0.134737073,1,0.292156221,0.000120676,4.50E-05,0.999834365,0.468798773,0.301494291,0.587662229,1,0.289156529,0.042352282,0.957251726,0.000395992,0.088926924,0.364781476,0.184147675,0.10079,0.101447083,0.000845159,0.003438115,0.99503133,0.124230541,0.415043148,0.218227027,1,0.115385439,0.000907598,0.002982638,0.996267158,0.072013903,0.293407526,0.317807026,1,0.237304813,0.000249246,0.501914482,0.497836272,0.082975465,0.417471062,0.178860587,1,0.277523377,0.000107537,0.000622158,0.999270304
2019-07,524.0906452,524.0906452,0.099012549,0.370015665,0.225168717,1,0.258180104,0.000316051,0.007668558,0.992015391,0.398223645,0.248202354,0.407985612,0.6236,0.084855185,0.117094123,0.074544876,0.000827761,0.328308771,0.23217823,0.443665147,0.663315,0.017317979,0.229131704,0.753533383,0.017334913,0.400394073,0.281233151,0.432257627,0.5584,0.067531213,0.011584606,0.859075469,0.000949147,0.244677239,0.323383234,0.418562784,1,0.223823904,0.0019406,0.605500372,0.013480081,0.105750825,0.386799018,0.224769634,1,0.222983955,0.001346393,0.016488267,0.981420226,0.101405949,0.334025292,0.206510061,1,0.165776091,0.000845149,0.013561484,0.982713324,0.12821973,0.349708554,0.287166877,0.79014,0.238105957,0.000499252,0.004592349,0.503692076,0.064196363,0.403936522,0.217965808,1,0.232537904,0.000128342,0.004820041,0.995086926,0.098568102,0.307559286,0.253226616,0.6688,0.129482877,0.002097874,0.293893546,0.70400858,,,,,,,,,0.077399866,0.400976306,0.201630459,1,0.126211503,0.000593613,0.002675473,0.996730914,0.061897506,0.425387793,0.180722851,1,0.258131088,6.56E-05,0.000452985,0.999496482,,,,,,,,
2019-08,461.2538115,448.2538115,0.1080808,0.275638893,0.345713687,0.45625,0.201423377,0.000768829,0.876857175,0.122626358,0.410524542,0.274905191,0.39949944,0.83783,0.038240364,0.096840724,0.892742961,0.001411503,0.65081128,0.309022243,0.468571257,0.57262,0.061696526,0.985729614,0.013872061,0.000303954,0.393740791,0.286816915,0.421526585,0.74743,0.05121584,0.014323096,0.694877533,0.000230395,0.097861446,0.375287619,0.253357666,1,0.21609132,0.000676271,0.022217654,0.977322939,0.086189481,0.337331549,0.258463861,0.36156,0.216447742,0.000362138,0.118359069,0.879770175,0.092840591,0.322718702,0.236826571,0.59745,0.185349477,9.43E-05,0.018163195,0.508049568,0.122460506,0.281131,0.252234153,1,0.195994052,0.001298971,0.016076834,0.498118346,0.070209783,0.395467111,0.228371359,1,0.202096408,0.000283719,0.006346048,0.993370233,0.201805474,0.066699883,0.428959959,1,0.211067798,0.000759476,0.99918778,5.27E-05,0.152731925,0.339666536,0.218509178,0.12093,0.092181622,0.004877244,0.015674033,0.979448723,0.097345217,0.460993864,0.191260863,1,0.12816012,0.000220856,0.000355646,0.999423498,0.067580506,0.312691682,0.314652427,1,0.209573354,0.000872149,0.476657446,0.522470405,,,,,,,,
2019-09,506.3793357,498.3793357,0.093491067,0.346903722,0.238637961,0.50866,0.238224405,0.000293808,0.064620481,0.934171465,0.323868266,0.215477444,0.386564881,0.70035,0.056912257,0.106460767,0.357555931,0.001064711,0.369755645,0.26370599,0.52264095,1,-0.047376086,0.016053967,0.983325099,0.000620934,0.554474833,0.283492796,0.483245031,0.81185,0.045975422,0.545450683,0.453289829,0.000233307,0.073465435,0.392293512,0.207327846,1,0.228837882,0.000373089,0.01024201,0.9893849,0.079706424,0.401301712,0.204688058,0.45827,0.213263509,0.000209198,0.002191605,0.997423402,0.106495164,0.208828947,0.380322309,1,0.173015457,0.000483035,0.993368241,0.004044713,0.077838236,0.419755292,0.174293389,0.58936,0.150176831,0.000117908,0.000545204,0.999336888,0.059271835,0.408303125,0.190328638,1,0.265413724,0.000115106,0.001723269,0.998161625,0.077710415,0.26927967,0.329597092,1,0.171685431,0.000741605,0.832623957,0.166586087,0.101576655,0.349287063,0.235646556,0.24707,0.163009894,0.000649659,0.039397895,0.95937299,0.207350242,0.28592554,0.357850867,1,0.130524387,0.002328116,0.022077437,0.022534063,0.067690437,0.394306758,0.221921228,1,0.237708351,0.000259533,0.007625276,0.99211519,,,,,,,,
2019-10,572.3551008,562.3551008,0.08204278,0.390066145,0.202077928,0.346115,0.188348227,0.000169609,0.002889944,0.996849584,0.293978529,0.264483092,0.417597348,0.292775,0.093017218,0.004203364,0.54840898,0.000953446,0.156132963,0.162072558,0.406865768,0.343435,0.078080332,0.001173926,0.997610294,0.001311214,0.453413904,0.29710551,0.458483926,1,0.004564606,0.028461001,0.970879048,0.000415128,0.139207395,0.248765039,0.322279742,0.93826,0.213815785,0.004464524,0.791335624,0.204688135,0.089162606,0.371760127,0.201873496,1,0.216928491,0.000584557,0.004921011,0.994118613,0.110893699,0.164411993,0.378516085,0.47041,0.142526916,0.000594564,0.996269134,0.002709273,0.161353173,0.315615605,0.298028612,1,0.184494951,0.002071566,0.38222879,0.606667025,0.075427611,0.324114701,0.285053926,0.356945,0.21889294,0.000804769,0.316980366,0.680754892,0.121268413,0.205470519,0.348985199,0.67718,0.129223972,0.005193045,0.900872549,0.093934406,0.088235646,0.303455467,0.280695772,1,0.26144686,0.001203217,0.42358346,0.575213322,0.10889723,0.178025587,0.345166835,0.585355,0.104384833,0.0004976,0.527744416,0.002026655,0.086153939,0.214668383,0.431332935,1,0.260029631,0.000149317,0.99769157,0.002159113,0.066975548,0.390212913,0.202877748,1,0.259402902,0.000198047,0.004331873,0.99547008
2019-11,471.8706319,474.8706319,0.057971032,0.424353169,0.197524771,0.39937,0.221513333,5.83E-05,0.000978662,0.998963004,0.167097875,0.261934893,0.383825077,0.707295,0.062752341,0.014221346,0.515258927,0.002595504,0.132454466,0.144351126,0.389238781,1,-0.035283515,0.000927195,0.998124188,0.000948617,0.371686274,0.305347697,0.423436433,0.40218,0.079678515,0.049137427,0.270107599,0.00250665,0.100393531,0.198255826,0.373906652,0.57756,0.156154299,0.000848596,0.991467722,0.007683682,0.098763378,0.31135152,0.269716866,0.32992,0.220352156,0.001421036,0.139007327,0.85767605,0.099596576,0.257546662,0.335682367,1,0.165567238,0.00127401,0.537493794,0.461232196,0.11397364,0.234150683,0.322445576,0.741645,0.224706384,0.000203408,0.870259187,0.121718006,0.075915089,0.419055622,0.174940698,1,0.272403286,0.0001097,0.000600814,0.999312712,0.146149925,0.322657404,0.249068436,1,0.190218732,0.001049494,0.170652037,0.820005039,0.064160707,0.424948845,0.195409776,1,0.326814472,7.66E-05,0.00152715,0.998396215,0.207511634,0.156390135,0.410304422,0.34684,0.105900732,0.00431556,0.995147583,0.000504759,,,,,,,,,,,,,,,,
2019-12,462.5198945,463.5198945,0.075503383,0.405308065,0.176885433,0.39261,0.209923901,6.25E-05,0.000795724,0.999085658,0.266954698,0.227786225,0.392730556,1,0.034807085,0.012072226,0.940175377,0.00309614,0.197382446,0.141904164,0.403253189,1,-0.032702525,0.006862154,0.988316364,0.001181456,0.535192707,0.289139229,0.541227535,1,0.003985469,0.385919378,0.613275169,0.002463334,0.113755714,0.349866689,0.247579327,1,0.204088902,0.001629717,0.028818973,0.96955131,0.078508454,0.407364792,0.203074264,0.40279,0.229396647,0.00025568,0.001656767,0.998124976,0.066444543,0.436980675,0.142261497,0.29829,0.128802938,5.53E-05,0.0001259,0.999818794,0.097753538,0.372897344,0.203635371,0.75239,0.228194412,0.000501183,0.002542789,0.994292299,0.098895724,0.374929836,0.203645101,1,0.262466407,0.000756328,0.004538267,0.994659169,0.171403395,0.167944611,0.411899552,1,0.202673302,0.000908008,0.997827365,0.001264627,0.310123358,0.310605959,0.529050709,0.17908,0.129016668,0.001405091,0.996008096,0.000648476,0.43919395,0.213970165,0.241810999,0.07383,0.104246914,0.980284545,0.012581444,0.007134011,0.095221689,0.285733017,0.2807054,1,0.247364394,0.00063453,0.498880682,0.500484788,0.124849789,0.256136406,0.292785477,1,0.290295606,0.000143073,0.637538756,0.354823282
2020-01,502.0122504,487.0122504,0.098923292,0.317264518,0.220853532,0.3327,0.206805422,0.000363817,0.037803663,0.95669066,0.349955171,0.309436034,0.420053782,1,0.039219043,0.016604951,0.929135937,0.002639066,0.479459738,0.252618981,0.406862541,1,-0.045514736,0.7810928,0.216508465,0.000966341,0.391200279,0.293058768,0.412530146,1,0.005031274,0.032697141,0.743303416,0.000808771,0.125707687,0.319669442,0.429802223,0.76963,0.250717964,0.000750568,0.944168383,0.0006428,0.071944811,0.302009231,0.250288216,0.3243,0.214008957,0.000648078,0.009264302,0.646557584,,,,,,,,,0.118981173,0.351981632,0.247954074,1,0.212001606,0.001188418,0.054000476,0.918148187,0.06610906,0.370527961,0.211914328,1,0.240858323,0.000358947,0.009465438,0.990175614,0.120013055,0.349711654,0.211061506,1,0.17207403,0.001164229,0.009928261,0.98890751,0.147307884,0.335513579,0.200521194,1,0.258032689,0.002551151,0.007186346,0.990262503,0.389006982,0.195140748,0.283501236,0.63133,0.102816649,0.917315583,0.064651908,0.01803251,0.05389082,0.356633273,0.265537682,1,0.219608856,0.000440213,0.049390625,0.950165498,0.087531317,0.410658454,0.192433837,1,0.272994541,0.000156982,0.001352064,0.998490954
2020-02,389.9205324,405.9205324,0.081821231,0.369995621,0.219318173,0.294705,0.150710198,0.000263612,0.009781335,0.989820749,0.41592971,0.241364537,0.335870473,0.19355,0.109496844,0.816157436,0.175433827,0.004588784,0.114517346,0.185591674,0.369893531,0.33766,0.087649606,0.001190284,0.993027814,0.005781902,0.445912618,0.311608885,0.405897745,0.51705,0.085653843,0.645847469,0.258448842,0.002603775,0.122389556,0.346401062,0.219450967,0.53904,0.189648489,0.002817632,0.02210168,0.975080688,0.085983189,0.387743899,0.203175817,0.35116,0.227041436,0.000350061,0.002040796,0.997609143,0.095535976,0.278639328,0.295733879,0.879115,0.146459081,0.00243621,0.506683776,0.490880014,0.101822086,0.366262957,0.235981594,0.717865,0.20806459,0.00139303,0.007519051,0.916593406,0.085331456,0.407584956,0.185486859,0.68153,0.230317574,0.000300035,0.00192739,0.997369439,0.124493991,0.301328573,0.381798864,1,0.187862395,0.000896003,0.990328561,0.006656112,0.127312484,0.354502202,0.400664902,0.14459,0.168375443,0.000846182,0.986241746,0.001075105,0.375810966,0.256247827,0.367720994,0.2369,0.110079482,0.88375944,0.044067593,0.006782521,0.053992295,0.432661052,0.19766337,1,0.260830288,5.47E-05,0.000713641,0.99923163,0.103159677,0.343993288,0.215449203,1,0.228677356,0.001505186,0.014193456,0.984301357
2020-03,424.6484967,457.6484967,0.07729381,0.367116797,0.216265659,1,0.254629073,0.000419423,0.019620753,0.979959824,0.487945216,0.314067492,0.326298791,0.16197,0.117030745,0.869470787,0.002542694,0.00307673,0.57256423,0.27766541,0.347382966,1,-0.049688777,0.996477285,0.001627681,0.000665411,0.48918546,0.326288661,0.410188966,0.79207,0.057392789,0.207077259,0.196626952,0.002292013,0.303901877,0.366029988,0.332007473,1,0.28605929,0.007964104,0.039139088,0.456482895,0.073162005,0.384710262,0.205932067,0.33492,0.22903794,0.000186669,0.002777339,0.996871889,0.108480226,0.216750148,0.358923629,1,0.13756041,0.002268945,0.881282219,0.024056691,0.101062394,0.319898176,0.251041412,0.82571,0.21345999,0.000845994,0.026517278,0.929131397,0.08842367,0.414421088,0.222600749,0.3504,0.206695951,0.001387975,0.004813509,0.990716424,0.114076682,0.412992428,0.365023292,1,0.212086829,0.000879374,0.987189398,0.011931228,0.049457336,0.444072174,0.18946966,0.09359,0.12582484,4.47E-05,0.000500747,0.99945452,0.123923313,0.239643832,0.274966188,1,0.121477388,0.000334518,0.599327042,0.366737252,0.061139692,0.349594831,0.259372196,1,0.210753707,0.000728509,0.202332732,0.796938759,0.114112658,0.338560321,0.226969441,1,0.225065668,0.001985346,0.022799996,0.975214659
2020-04,550.2537573,502.2537573,0.08872074,0.299180463,0.299347545,0.49668,0.212997548,0.000318499,0.498551416,0.501130085,0.525281927,0.316822835,0.370010921,0.26311,0.110640951,0.960292112,0.015647452,0.003092504,0.502250906,0.252126578,0.406969894,1,-0.04552778,0.621223283,0.376071425,0.001657259,0.461032572,0.279651281,0.420944349,1,0.005095713,0.480772417,0.030743354,0.000521749,0.114333898,0.362467761,0.216045289,0.73414,0.173516608,0.000633512,0.012887664,0.984956142,0.068493888,0.385726733,0.244451914,0.44812,0.218469582,0.000341988,0.011880583,0.987777428,0.126805639,0.233223735,0.361872642,0.38258,0.137672016,0.002457075,0.951924394,0.014486184,0.092735027,0.316901573,0.423114999,1,0.230206581,0.001004707,0.098649557,0.695843352,0.1051427,0.330400093,0.236369825,0.591035,0.211383701,0.001318158,0.479229867,0.519451975,0.252713069,0.258155385,0.472800293,0.66864,0.171559717,0.004478796,0.991792182,0.003729022,,,,,,,,,0.154887869,0.296675843,0.286260713,1,0.082478346,0.021189807,0.346617442,0.618504625,,,,,,,,,0.107249852,0.335616712,0.262089293,1,0.223108837,0.001872757,0.074870806,0.923256437
2020-05,464.0091736,504.0091736,0.067474243,0.352007901,0.240476517,0.852295,0.2319021,0.000247313,0.023012532,0.976546477,0.436879111,0.284937413,0.371570022,0.32099,0.090441184,0.628991025,0.332641138,0.006370136,0.272842144,0.305930313,0.374725575,1,-0.03396793,0.037252194,0.002306123,0.000991701,0.421196004,0.291433385,0.394238565,0.65971,0.035255644,0.023394158,0.355289806,0.001136398,0.071362919,0.367782519,0.221401026,0.50357,0.141675256,0.00040227,0.009824214,0.989773516,0.089945523,0.282740842,0.308326954,0.461475,0.197191963,0.001523133,0.556086776,0.24584161,0.120648128,0.26117632,0.325105324,0.562215,0.159078962,0.000422089,0.520802441,0.476595285,0.114047068,0.340092073,0.33054673,0.89061,0.207150759,0.001342053,0.032084596,0.195393605,0.058943729,0.427926872,0.177484818,1,0.278596125,6.63E-05,0.000992822,0.998887946,0.098973175,0.213053286,0.348670612,1,0.17156179,0.000964896,0.973361768,0.025673336,0.101007526,0.361521485,0.238283009,0.66996,0.219489566,0.00155145,0.028850822,0.969597728,0.278550717,0.299667945,0.376469559,1,0.138896895,0.009099883,0.497075393,0.001539861,0.065228367,0.475551444,0.129264359,1,0.286686818,1.64E-05,2.31E-05,0.999960515,0.087099913,0.398153736,0.180560856,1,0.264681745,0.000183302,0.001098235,0.998718463
2020-06,522.375002,476.375002,0.082817475,0.311260552,0.297030222,0.30996,0.156988712,0.000602345,0.450180086,0.548442711,0.251169406,0.260394214,0.34551523,0.38249,0.080080308,0.008099971,0.076102846,0.002643531,0.387142058,0.255344123,0.453249378,1,-0.039523755,0.039204839,0.955540182,0.002895773,0.335759703,0.318975561,0.342728516,1,0.00468408,0.013040846,0.020798502,0.006129335,0.120622703,0.30174786,0.260731648,0.415125,0.114921554,0.007027711,0.214988385,0.777983904,0.09701572,0.22225375,0.359273956,0.3049,0.212357704,0.000400998,0.920278965,0.077351971,0.13750283,0.341598014,0.267025699,0.15217,0.086059648,0.00132199,0.08197103,0.916700467,0.090235198,0.365543115,0.224085088,1,0.209486031,0.000466017,0.010887517,0.988478844,0.093344039,0.387249957,0.382574203,1,0.276061121,0.000381005,0.790278033,0.047887984,0.13819385,0.174664945,0.370912867,1,0.200431521,0.00043889,0.992250056,0.005539407,0.068713062,0.389082093,0.199477758,0.207265,0.122431521,0.000240258,0.003429108,0.996330634,0.398148089,0.316826277,0.377265572,0.586905,0.119371366,0.504492852,0.116996734,0.378510414,,,,,,,,,0.052514436,0.43173718,0.173006568,1,0.287007102,3.94E-05,0.000382718,0.999577861
2020-07,525.4095145,611.4095145,0.101297378,0.344278587,0.227979286,0.376375,0.187640476,0.000685637,0.019636414,0.979453832,0.310613501,0.307436735,0.363548143,0.31825,0.100552306,0.012124827,0.465074725,0.00355541,0.429850602,0.148316906,0.404473636,0.28967,0.077921621,0.935385175,0.054584567,0.004911785,0.208609479,0.256749949,0.406955778,0.61506,0.065622383,0.002305663,0.970931884,0.002463886,0.130197996,0.322090079,0.224930529,0.70725,0.165425927,0.003274655,0.02042329,0.976302055,0.090597635,0.389968742,0.200035883,0.29183,0.19839546,0.000244669,0.002412345,0.997357579,0.163159775,0.175224552,0.347009226,1,0.153954797,0.003190431,0.979940228,0.001329732,0.133049891,0.298503137,0.333590972,1,0.203928514,0.006095487,0.00171898,0.026976228,0.075284881,0.369367663,0.414004714,0.48954,0.240104082,0.000132077,0.889662592,0.099314844,0.06782434,0.395606135,0.193087079,1,0.194656201,0.000104833,0.002053517,0.997841649,0.082302117,0.380973986,0.192883691,0.20107,0.120667031,0.000544642,0.00219443,0.997313747,0.302334137,0.207189638,0.277703659,1,0.091157484,0.779471642,0.130384819,0.090143539,0.083710389,0.223179535,0.358486921,1,0.216114315,0.001993191,0.968090201,0.029856682,0.072491542,0.327364203,0.25226934,1,0.217622794,0.001012681,0.07568098,0.92330634
2020-08,537.8180317,537.8180317,0.086782357,0.294201781,0.290352946,0.30265,0.130222496,0.001777206,0.353251604,0.644971189,0.361725756,0.291293763,0.362795248,0.31148,0.098706201,0.078120551,0.083717281,0.010885443,,,,,,,,,0.215134537,0.310232859,0.379538804,0.52705,0.084080502,0.013109647,0.971397699,0.002655755,0.096233282,0.354616459,0.235949759,0.69869,0.190605968,0.00101546,0.016213996,0.982345433,0.083099484,0.381296488,0.20676575,0.49375,0.217649785,0.000521052,0.004017003,0.995461945,0.183258001,0.231272245,0.362368936,0.824565,0.130547166,0.00807149,0.852341065,0.078796682,0.121731824,0.266444157,0.335626278,1,0.208271366,0.001833346,0.027023419,0.076910735,0.084921087,0.302932528,0.307805067,0.2728,0.179238281,0.000761815,0.499701323,0.499536863,0.086730732,0.379460418,0.187777567,1,0.197318793,0.000324461,0.002413114,0.997262425,0.096559883,0.349324692,0.209335674,1,0.268654371,0.00068298,0.007686918,0.991630102,0.147043291,0.247121169,0.305267719,1,0.100656198,0.006197585,0.002501668,0.027903876,0.101609778,0.251861358,0.317061523,1,0.24173497,0.00046445,0.501657339,0.497878211,0.076273263,0.185774102,0.418785651,1,0.278397279,8.81E-05,0.998203932,0.001446784
2020-09,534.6730433,539.6730433,0.078332509,0.373722569,0.225545674,0.27549,0.174319387,0.000317216,0.013121268,0.986561516,0.2960891,0.305504246,0.397062241,0.71631,0.053492685,0.017043184,0.524349163,0.00323342,0.682662971,0.326520297,0.378587373,1,-0.061881679,0.998832727,0.000597974,0.000569299,0.208109819,0.259447883,0.424940418,0.533105,0.07369971,0.008259659,0.970283154,0.002827389,0.133826579,0.17400402,0.394704218,0.62112,0.201758185,0.001504667,0.989354588,0.007589644,0.061283904,0.377434246,0.193213176,1,0.248303195,0.00043263,0.003259332,0.995829142,0.126593418,0.238273945,0.321493438,1,0.156381477,0.006085588,0.939756709,0.039268366,0.138651126,0.329541761,0.222566537,0.765115,0.189019413,0.002613474,0.027275698,0.968896636,0.060672883,0.417826146,0.188024755,0.757645,0.250283031,9.98E-05,0.001472048,0.998428165,0.164667532,0.322005525,0.213651283,1,0.160116981,0.003840619,0.02000325,0.97586011,0.14071021,0.31769464,0.221604261,0.15464,0.101082229,0.006004957,0.03147077,0.962524273,0.137181429,0.330900401,0.325467222,0.71458,0.108081159,0.004247585,0.577525498,0.220508804,0.062791032,0.40934755,0.17966237,1,0.258347355,9.81E-05,0.000727912,0.999173966,0.107124175,0.294318933,0.306127564,1,0.206462371,0.005639272,0.507281988,0.48707874
2020-10,488.5607029,467.5607029,0.104880514,0.345678718,0.212641453,0.34274,0.214196271,0.000278065,0.018619467,0.978010924,0.225552678,0.278198086,0.373629361,0.38354,0.089089299,0.032641919,0.753935133,0.009268758,0.331299569,0.186833212,0.375857178,1,-0.031114192,0.004818247,0.981574429,0.002214681,0.354478226,0.358739923,0.401258694,1,0.00432232,0.005378373,0.981014854,0.002791475,0.07368578,0.36319266,0.217068052,0.79644,0.201917168,0.000420813,0.008591139,0.990988048,0.074662274,0.33908701,0.245498299,0.39913,0.225938816,0.000351646,0.049279001,0.947770797,0.184601195,0.34153291,0.238056899,0.875815,0.147669681,0.000581977,0.239051797,0.6010954,0.096866791,0.338008534,0.205868475,0.81191,0.209761998,0.000729844,0.016811505,0.977857896,0.065642325,0.398117369,0.188529724,1,0.230363884,7.70E-05,0.006545583,0.99274742,0.138915939,0.228294847,0.381688963,1,0.207445908,0.000428117,0.997230747,0.001938348,0.078539263,0.310065144,0.277338074,0.5792,0.203579253,0.000188083,0.492232811,0.507467717,0.332719066,0.299109836,0.228904581,0.82277,0.118240937,0.010377886,0.007251208,0.00245173,,,,,,,,,0.099553803,0.279856952,0.295763505,1,0.240918216,0.000802037,0.507940287,0.488304298
2020-11,434.2360058,508.2360058,0.099321629,0.275832727,0.27615228,0.08089,0.104129289,0.001019493,0.485731981,0.511062482,0.179114244,0.2922624,0.360036676,0.366415,0.074269867,0.008227354,0.485844275,0.012835167,0.09795045,0.224295469,0.379982396,1,-0.034444447,0.001459765,0.785670791,0.016291543,0.178055508,0.314844235,0.41792123,1,0.004721835,0.003609965,0.95272204,0.002178576,0.283550129,0.400353723,0.382908711,1,0.233539672,0.014950729,0.086062038,0.898987233,0.081339817,0.387682975,0.227030921,0.418345,0.222361165,0.000275833,0.006483726,0.99285174,0.099063924,0.2426981,0.347601856,0.81581,0.164788393,0.000912795,0.931256556,0.064389371,0.097555412,0.264251576,0.333857737,0.955495,0.224211576,0.00058048,0.145037077,0.10853773,0.069605461,0.402864376,0.183617082,1,0.231676441,0.000218287,0.001479215,0.998302498,0.114791918,0.34173997,0.349547139,1,0.213330646,0.000199655,0.548970851,0.449707165,0.111478943,0.205604815,0.394597958,0.07114,0.109746239,0.000686167,0.994399576,0.004914257,0.113825932,0.383247926,0.228206935,0.49866,0.114075718,0.002129656,0.004816159,0.991132708,0.125062912,0.288087737,0.299764776,0.72277,0.229940915,0.001396712,0.498187682,0.500415606,0.049925689,0.388505516,0.222345857,0.639605,0.208170559,0.000165449,0.00662928,0.993205271
2020-12,457.5974968,502.5974968,0.087622181,0.340021481,0.322260899,0.251125,0.151381728,0.000633807,0.680438489,0.317849366,0.287057327,0.276522613,0.364438961,0.49161,0.081764689,0.018925807,0.887608965,0.003222761,0.178356398,0.15103586,0.397111445,1,-0.035997153,0.001751997,0.997345023,0.000919176,0.233760241,0.298478358,0.412023659,0.703605,0.060980951,0.007149058,0.851366008,0.002974584,0.102851841,0.277913381,0.371304123,0.78572,0.246590612,0.00088724,0.988399928,0.010712832,0.071838264,0.364852607,0.196497957,0.3209,0.199038832,0.000451099,0.005209368,0.977730309,0.126508933,0.204110234,0.367691751,0.760735,0.161376226,0.000845387,0.9850614,0.014285159,0.120424976,0.327363804,0.276252502,0.33651,0.170914622,0.001351849,0.019194863,0.695331608,0.087176577,0.371794025,0.226757994,1,0.19637827,0.000715907,0.010823639,0.988460453,0.126951412,0.156316357,0.387297824,1,0.175911004,0.000657835,0.995653729,0.001894363,0.079290607,0.427732228,0.187814713,0.652465,0.24512612,0.000210318,0.001393618,0.998396064,0.139144518,0.294854458,0.22417274,0.88426,0.107967156,0.001138915,0.004252785,0.506704242,0.068370331,0.333894361,0.273542978,1,0.240016665,0.000133928,0.106365302,0.892598039,0.087989253,0.342743367,0.245911709,1,0.24598016,0.00042348,0.041324486,0.957777617
2021-01,473.7169912,555.7169912,0.107315609,0.359584487,0.18674572,0.40282,0.198593442,0.000870024,0.002610139,0.996838706,0.286956285,0.323022114,0.38066288,0.41858,0.078586841,0.03740952,0.013798951,0.007334621,,,,,,,,,0.176294472,0.331911747,0.383218295,1,0.003839471,0.00278961,0.887025109,0.024139313,0.082098135,0.286239517,0.306547918,0.85504,0.194885333,0.000594377,0.503141013,0.496264611,0.084579992,0.388627268,0.209000195,0.34177,0.214839192,0.000235188,0.00305324,0.996734783,0.110296829,0.206553256,0.410383118,0.44853,0.165450013,0.000387443,0.997747992,0.001959908,0.146505728,0.293207479,0.323344209,0.48006,0.190505628,0.005130061,0.391507667,0.591029324,0.146138077,0.333214183,0.244269993,0.28364,0.19439369,0.004163246,0.013543552,0.985866299,0.115420966,0.278141883,0.276891141,0.490665,0.151338758,0.001650789,0.498021466,0.500327745,0.052666132,0.487505534,0.163843921,1,0.374924807,8.78E-06,4.63E-05,0.999944901,0.47226824,0.347715323,0.386928969,1,0.14596769,0.543507193,0.032133636,0.006977439,0.060856006,0.455633542,0.169527434,1,0.279911973,2.31E-05,0.000173001,0.999803857,0.112667304,0.335193263,0.237305282,1,0.22282734,0.001859993,0.034636728,0.96350328
2021-02,494.6685923,438.6685923,0.080326804,0.257574822,0.401314193,0.36857,0.214544723,5.89E-05,0.719590029,0.017096564,0.389096527,0.315568404,0.266893423,0.78671,0.053460442,0.090730862,0.01457356,0.176646866,0.167963629,0.201152143,0.321604058,1,-0.02923846,0.01119363,0.713001156,0.275805214,0.225571808,0.279359169,0.422106753,0.46853,0.079726201,0.003255271,0.672293124,0.002606513,0.09014962,0.335849417,0.278429993,1,0.215427391,0.001002532,0.437284289,0.561565046,0.071978451,0.377365684,0.209188806,0.36456,0.205079255,0.000366458,0.00504509,0.994543633,0.117835554,0.203246197,0.406141254,0.19599,0.11106101,0.000610615,0.997746495,0.001597568,0.111339403,0.309139249,0.230841459,1,0.200061288,0.001041107,0.029592393,0.96220518,0.077152025,0.398317846,0.18792563,1,0.257074117,0.000186171,0.001231836,0.998471024,0.132503985,0.306848287,0.31696462,1,0.175687929,0.001428493,0.23504232,0.304952975,0.148597549,0.287682881,0.242719925,0.5879,0.20064542,0.003664131,0.11257203,0.875436772,0.197060462,0.262457948,0.396393756,0.36324,0.110644498,0.004069412,0.013042749,0.001035492,0.071669694,0.338557546,0.247559468,1,0.208055469,0.000978665,0.042054832,0.956966502,,,,,,,,
2021-03,501.4247743,455.4247743,0.091974855,0.355220041,0.24960804,0.258835,0.159933535,0.00067274,0.062323112,0.936927851,0.188064459,0.302941959,0.370179964,0.808795,0.048873571,0.005121684,0.617405657,0.007687708,,,,,,,,,0.184062227,0.327346294,0.33875516,1,0.004741653,0.002881128,0.166889725,0.700178442,0.095079071,0.374718088,0.186919169,1,0.218585552,0.00095313,0.00164011,0.99740676,0.080497247,0.342265169,0.268309361,0.37484,0.197524211,0.000555747,0.10197106,0.896972628,0.074242331,0.41832693,0.180058594,1,0.176042574,8.53E-05,0.000737097,0.999177605,0.108866371,0.341486871,0.213792916,0.957975,0.20194952,0.00033689,0.009348468,0.987856916,0.076564066,0.395398251,0.174691221,1,0.257025029,0.000135988,0.001394766,0.998406565,0.137695172,0.122435177,0.424689029,1,0.208966306,0.000205825,0.999459281,0.000246359,0.107328174,0.333503415,0.234714432,1,0.256486737,0.001434732,0.025713621,0.972851646,0.10340851,0.303751563,0.295974542,0.13629,0.089594794,0.001447881,0.486297891,0.509695475,0.076977642,0.322220689,0.277445595,1,0.239330074,0.000341481,0.155479204,0.843137189,,,,,,,,
2021-04,538.3685095,510.3685095,0.067682191,0.37770827,0.220072668,0.27345,0.153887658,0.00030032,0.007764716,0.991934964,0.139917572,0.3044339,0.327918367,1,0.030863547,0.003434349,0.454117279,0.044625473,0.406918602,0.259051862,0.436872672,1,-0.039013807,0.454876328,0.540848703,0.001735997,0.188493248,0.338965384,0.382413648,1,0.00432879,0.00245433,0.900985627,0.006041073,0.117149086,0.334072575,0.209306313,1,0.192218895,0.001191634,0.013273035,0.984194005,0.107100755,0.32965636,0.237108591,0.49191,0.208660557,0.00122963,0.040377798,0.948376993,0.107146366,0.350716018,0.205424002,1,0.160538182,0.001016582,0.009007041,0.989666319,0.112985308,0.346955758,0.237181432,0.70205,0.186426084,0.001921574,0.017877276,0.978485652,0.103296418,0.34916125,0.194008126,1,0.226969088,0.000457926,0.00753557,0.990046707,0.08988218,0.307343137,0.268316163,0.58323,0.129020869,0.000517163,0.488997687,0.51048515,0.078037761,0.377221822,0.204207487,0.82289,0.240619043,0.000327835,0.004378133,0.995394784,0.071521698,0.448345497,0.193170212,1,0.127053252,0.000167646,0.000611028,0.999221326,0.121833403,0.27102422,0.308556,1,0.233272136,0.000925917,0.501422761,0.497651322,0.080081227,0.339738797,0.24749955,0.59384,0.186720503,0.001074975,0.058405854,0.940519171
2021-05,606.7263447,606.7263447,0.110995884,0.341158947,0.230917405,0.329705,0.168339101,0.001306853,0.033477105,0.964886154,0.277503066,0.288105717,0.335124176,1,0.036271774,0.013479964,0.475549222,0.019524647,0.176107006,0.151019844,0.379587676,1,-0.034408667,0.013008028,0.981303252,0.001647463,0.331465556,0.332852187,0.49811462,0.64269,0.071789,0.008122239,0.947538228,0.003769502,0.075235021,0.407593683,0.191331173,0.745255,0.195693501,0.000150958,0.001560988,0.998288055,0.087047461,0.330561936,0.26225311,0.35744,0.22240277,0.000523839,0.056633183,0.940099351,0.067154079,0.437884077,0.156657797,1,0.180204079,0.000100953,0.000187293,0.999756357,0.111763079,0.284529282,0.300564283,0.90351,0.202893534,0.00120568,0.310440474,0.217679203,0.075082113,0.426942622,0.166478671,1,0.225345756,9.26E-05,0.0003567,0.999550682,0.285072156,0.201962137,0.471500754,1,0.231999803,0.003581204,0.995770767,0.000648029,0.074242998,0.39705166,0.181994668,0.40542,0.1905233,0.000156861,0.001196076,0.998647063,0.121389949,0.387686393,0.238208612,1,0.107780034,0.00208497,0.011273075,0.986641955,0.06062482,0.400955601,0.192992153,1,0.241716615,0.000124179,0.001421012,0.998454809,0.092618712,0.355528773,0.221778363,0.78536,0.211446774,0.000844053,0.036023919,0.963132028
2021-06,546.6234268,570.6234268,0.104793443,0.352607517,0.209172456,0.37603,0.166452795,0.0006922,0.033763525,0.96480389,0.370948618,0.243145271,0.371246812,0.73837,0.080933571,0.039494518,0.74964581,0.003697605,0.393201344,0.112438204,0.40267951,1,-0.036501884,0.931734664,0.066750523,0.001432712,0.438356114,0.3177567,0.400919998,0.711955,0.062609785,0.024450998,0.065602938,0.003517791,0.102777447,0.248337284,0.328623956,0.5315,0.191697308,0.001898283,0.833490094,0.049544973,0.091065299,0.283184289,0.256437502,0.54556,0.200451143,0.000667439,0.090487106,0.666459465,0.10963651,0.224537396,0.360476593,0.768765,0.168756925,0.000367194,0.970343437,0.028160863,0.101645854,0.287611771,0.273792564,0.89365,0.200327527,0.000547192,0.126298107,0.354700109,0.060050051,0.406527285,0.195206979,1,0.264259355,0.00011605,0.001439123,0.998444827,0.095029522,0.405242798,0.176893576,1,0.202738671,0.000130466,0.00066055,0.999211974,0.071341089,0.383116009,0.208620941,0.563345,0.232952361,0.00024117,0.004521653,0.995172412,0.423884139,0.25718919,0.340073426,1,0.114422423,0.481547775,0.016802126,0.007943731,0.07843635,0.257830777,0.334046939,1,0.240137776,0.000242877,0.507598955,0.492158167,0.104591191,0.314306241,0.250857167,1,0.208942217,0.002468823,0.085203259,0.910315839
2021-07,710.4378378,710.4378378,0.076111426,0.390007502,0.226011791,0.34759,0.191608914,0.000278078,0.006067118,0.993638273,0.206050433,0.301494173,0.323201102,0.5738,0.070521303,0.017813713,0.044667224,0.016738918,0.38451525,0.136298848,0.434596624,1,-0.037308819,0.005718788,0.993569865,0.000711347,0.298747964,0.25037523,0.432657239,1,0.004542037,0.008261701,0.984656159,0.001074909,0.103716721,0.252589283,0.363228312,0.495595,0.178040778,0.000894786,0.495586716,0.011183328,0.108490442,0.327525545,0.247552686,0.303175,0.21093522,0.000636551,0.006804323,0.666887499,0.132230465,0.163294203,0.376539343,1,0.167056187,0.00102733,0.995701164,0.002914061,0.110663492,0.270655546,0.288165298,0.72246,0.190176058,0.001200444,0.426767126,0.028394223,0.39086998,0.376422073,0.642057933,1,0.417363906,0.001599645,0.998106963,0.000293392,0.115990342,0.230206218,0.351178947,1,0.187793342,0.000447746,0.929044774,0.069105068,0.078633235,0.403998566,0.2015899,0.10953,0.126117891,0.000242503,0.002430664,0.997326833,0.210212438,0.220299265,0.285872925,0.364135,0.104964431,0.404455411,0.092165311,0.007227917,0.070291582,0.274246871,0.313983233,1,0.246919649,0.000599115,0.693728233,0.304746884,0.118228218,0.253167741,0.381074344,1,0.192330007,0.00153295,0.977480542,0.022314702
2021-08,570.0642236,494.0642236,0.082503086,0.37309591,0.217315432,0.202645,0.143551315,0.000447811,0.007609326,0.991897827,0.109165055,0.383125406,0.186720185,0.61029,0.059308414,0.000688592,0.002675332,0.996278777,0.190996591,0.146150104,0.454575647,1,-0.029572862,0.000998144,0.997127281,0.001874574,0.1972874,0.330612774,0.347717052,1,0.004150131,0.005168816,0.009061166,0.022765586,0.135431438,0.308701467,0.224306464,0.51256,0.14374367,0.006367194,0.018214313,0.92998639,0.102138889,0.376986665,0.240983509,0.349515,0.224168047,0.00079623,0.00759403,0.985882301,0.085341655,0.203976958,0.400109649,0.472065,0.154958205,0.000328356,0.995439725,0.003873734,0.123693015,0.3201208,0.216283813,0.86676,0.181662667,0.002029003,0.012373048,0.979341872,0.126885652,0.20580113,0.370051419,1,0.250995408,0.000662573,0.988318186,0.004476399,0.111958626,0.213812922,0.356233116,1,0.175844318,0.000516773,0.957266586,0.041873673,0.241154769,0.245246682,0.252559741,0.41,0.162652391,0.406407095,0.093674025,0.49991888,0.147304251,0.318120643,0.256927316,1,0.111751223,0.00116707,0.006862981,0.544173882,0.124080401,0.144961936,0.383966229,1,0.255758165,0.000245641,0.984999374,0.003778225,0.093676243,0.298521323,0.278276393,1,0.216340858,0.000868413,0.281613108,0.715570963
2021-09,578.4266407,578.4266407,0.090865724,0.301623379,0.260965466,0.19306,0.18849646,0.000164449,0.137019816,0.860257479,0.159830684,0.296885578,0.376088346,0.43046,0.052534112,0.008061181,0.16997537,0.008418081,0.510622611,0.28780128,0.392070614,1,-0.046286722,0.976470845,0.020486154,0.003043001,0.221355932,0.27757143,0.397820451,0.63542,0.06905905,0.008967694,0.720633914,0.002681694,0.119314681,0.220125015,0.336404781,0.865985,0.18958737,0.001605493,0.941727395,0.053213759,0.080890486,0.35367715,0.203869181,0.43269,0.209343024,0.000469517,0.007275174,0.99178426,0.089956208,0.330992846,0.278874154,0.45912,0.163402741,0.000356027,0.387709134,0.61094663,0.103387736,0.346267711,0.241064627,0.774675,0.190015503,0.000803618,0.019057791,0.977084135,0.120266951,0.396404737,0.156314898,1,0.257679285,0.000429079,0.000652257,0.998918663,0.117014217,0.356802177,0.185115074,1,0.18374891,0.000576079,0.005940462,0.992173542,0.092345577,0.376740305,0.189827566,0.313235,0.158700689,0.000131121,0.00509219,0.994495769,0.1421048,0.138888709,0.417902081,0.09314,0.100672927,0.000599744,0.99900303,0.000397225,0.065624468,0.401728069,0.217040354,1,0.2661595,8.59E-05,0.01086176,0.988720319,0.081117402,0.253659951,0.314567382,1,0.209115816,0.000489734,0.691464215,0.303214397
2021-10,631.6145396,649.6145396,0.118909711,0.237838568,0.386777149,0.524835,0.226131572,0.000179365,0.970306898,0.028500377,0.151885086,0.237706773,0.364688551,0.70318,0.063996129,0.003184872,0.892872368,0.011267251,0.16823323,0.200121416,0.457242954,1,-0.043377541,0.001718122,0.99696188,0.000638009,0.351572974,0.308429707,0.448363376,1,0.005291583,0.006446449,0.964957531,0.000835985,0.076763578,0.369644779,0.206971649,1,0.212913676,0.000304159,0.004621581,0.994665907,0.081514191,0.366394673,0.231217205,0.63751,0.222192426,0.000412831,0.020417992,0.978406924,0.089527781,0.413209483,0.161075404,0.550045,0.176277965,0.000161548,0.000421736,0.999416716,0.095951759,0.373676199,0.207098856,0.610205,0.199734056,0.000497018,0.002694633,0.99463321,0.097346433,0.385425284,0.175658859,1,0.236407766,0.000436762,0.003985102,0.995346594,0.087872694,0.401759796,0.177635501,1,0.184774308,0.000123499,0.000834643,0.999055091,0.08369931,0.378409385,0.227419661,0.267845,0.141109131,0.00039445,0.008238601,0.991373731,0.116488917,0.341715782,0.255533891,0.561475,0.109019897,0.002121364,0.008381015,0.486186478,0.100730477,0.235887219,0.448560128,1,0.270415067,0.000150773,0.997560733,0.002288494,0.090607613,0.28238053,0.245899813,1,0.276189973,0.000110872,0.185831238,0.802308456
2021-11,586.3374486,565.3374486,0.074389185,0.395045003,0.191937036,0.56155,0.223226722,0.000109748,0.001471818,0.998325026,0.169788636,0.28805294,0.349359859,0.83124,0.054738324,0.003179552,0.447473042,0.004472619,0.290699486,0.279109164,0.436700072,1,-0.040308755,0.018119667,0.728718551,0.003163382,0.259090079,0.302285366,0.421234311,1,0.00411025,0.01005173,0.951098769,0.006027653,0.098879797,0.389303105,0.222595845,0.66089,0.189087631,0.000402331,0.004975488,0.99456803,0.080842989,0.385349014,0.208200585,1,0.241458846,0.000284696,0.003022501,0.996692803,0.093955441,0.359231199,0.220548378,0.71083,0.161482233,0.000495877,0.012071675,0.986497703,0.087121351,0.389083666,0.208799221,0.83897,0.206011638,0.000282341,0.004443031,0.995328322,0.103799531,0.342799095,0.24699463,1,0.251897107,0.000310536,0.048454111,0.950346065,0.10182647,0.293708364,0.27773321,1,0.189847824,0.000656254,0.139739066,0.66798004,0.068616447,0.392187206,0.189888705,1,0.287289015,0.000124214,0.001858118,0.998017668,0.152346127,0.269780854,0.253089337,1,0.096062974,0.018911458,0.042741455,0.447444297,0.067679399,0.340598959,0.240759862,1,0.222364455,0.00088433,0.016542929,0.983174863,0.115261815,0.365347318,0.193850123,1,0.248266255,0.000523534,0.004911166,0.994304515
2021-12,616.8351715,636.8351715,0.073563447,0.408086749,0.186760412,0.493475,0.228062841,0.000113536,0.001364423,0.998449864,0.177703388,0.273506389,0.368580317,0.55409,0.07209544,0.004401392,0.182768445,0.041888613,0.171816476,0.127218191,0.421965008,1,-0.03710617,0.00134016,0.998149525,0.000510315,0.207738276,0.27533583,0.395856557,1,0.00484759,0.01137812,0.348258994,0.003784848,0.174043453,0.313021386,0.387831776,0.70314,0.226235203,0.004270359,0.010946884,0.002014912,0.097273373,0.323926649,0.259471745,0.327485,0.203719889,0.000992205,0.101075795,0.895509457,0.093136865,0.323024604,0.225696155,0.42628,0.151126702,0.000420668,0.020479561,0.973084916,0.13953378,0.279144669,0.298364552,0.88595,0.20710428,0.002135844,0.037882441,0.229295533,0.127859109,0.326401113,0.259111237,1,0.235251097,0.001390153,0.117289824,0.880223652,0.10845541,0.315737552,0.267384787,1,0.18175075,0.000556512,0.155752572,0.842442404,0.098846387,0.346864293,0.219995526,0.19835,0.12812574,0.001106235,0.020915671,0.973448258,0.13305314,0.258365167,0.331957415,0.19456,0.10805857,0.007624594,0.050784765,0.004508887,0.100274528,0.178142459,0.411695386,1,0.248191108,0.000428753,0.988441414,0.001586675,0.041854168,0.497043541,0.166211259,1,0.33042099,6.90E-06,5.35E-05,0.999939558
2022-01,600.5885974,583.5885974,0.078532951,0.374773577,0.219542542,0.43179,0.217664444,0.00021377,0.006980722,0.992817212,0.296857953,0.333352962,0.376418516,0.77658,0.058914972,0.023486564,0.133965087,0.011445056,0.208217528,0.215244874,0.464028484,1,-0.043597952,0.008506973,0.989207309,0.000308619,0.321971364,0.303324065,0.42012864,0.84289,0.023581712,0.007012129,0.92175241,0.001471932,0.079838503,0.342786604,0.242580001,0.812095,0.19705769,0.000259591,0.140268999,0.858576876,0.096328157,0.339843339,0.247807896,0.697075,0.210651308,0.001055516,0.064602036,0.924086604,0.105711805,0.193211843,0.403774294,0.42962,0.162285928,0.000304966,0.962659407,0.003219491,0.106567314,0.344725143,0.234339374,0.74759,0.185037188,0.0012307,0.021763723,0.976587592,0.084200066,0.334112515,0.237399434,0.30449,0.216225247,0.000750979,0.042792174,0.955821025,0.108821647,0.311742751,0.32996395,1,0.163058772,0.002112887,0.207358021,0.11305438,0.068005833,0.385057364,0.201478473,1,0.291108826,0.000173822,0.003503811,0.996268782,0.166732469,0.181521235,0.277322911,0.24706,0.101738391,0.004867339,0.06289305,0.003281701,0.055079874,0.447601854,0.167801681,1,0.269837371,5.21E-05,0.000616132,0.999331813,0.070154944,0.334590468,0.258612748,1,0.233030924,0.000537623,0.052160599,0.947301777
2022-02,612.3153639,670.3153639,0.106143531,0.331391975,0.243928448,1,0.229850642,0.000741115,0.039537616,0.95921982,0.159258189,0.342826894,0.337585662,0.72944,0.072353318,0.006624186,0.011661143,0.03636841,0.211180219,0.172782986,0.413312661,1,-0.036485597,0.002720276,0.996389099,0.000411238,0.195369933,0.317335529,0.416604124,1,0.004250705,0.00406727,0.880681457,0.002736135,0.128988545,0.225385743,0.334556588,0.679515,0.190702761,0.001904097,0.926296296,0.044148648,0.094808098,0.32530684,0.263783191,0.37237,0.219628869,0.000649899,0.023104808,0.843940001,0.094882236,0.311287202,0.269299068,1,0.164031599,0.000533984,0.109708535,0.529621843,0.09076575,0.352416747,0.222829595,0.76133,0.193135718,0.000901051,0.013680955,0.98281391,0.092780867,0.381951232,0.185338246,1,0.229726094,0.000738624,0.002455958,0.996754421,0.131569686,0.22669639,0.380929582,1,0.180369201,0.001305725,0.884451123,0.003800618,0.097290838,0.346698913,0.209977481,0.51403,0.200142706,0.001138919,0.009863871,0.988733553,0.105688811,0.267907065,0.319683105,1,0.101437905,0.002147722,0.649012457,0.093306857,0.071393351,0.238988261,0.380417229,1,0.242666049,0.000213361,0.987044945,0.012509995,0.1102403,0.348231511,0.238004626,1,0.231494811,0.000580598,0.032632091,0.965731554
2022-03,738.986161,730.986161,0.070092515,0.37407248,0.230201098,0.608915,0.236807717,0.000215337,0.008950496,0.990813952,0.296637681,0.341329008,0.321104742,0.54088,0.061942644,0.333479417,0.013192543,0.015555456,0.304259655,0.27033959,0.394808706,1,-0.036849526,0.407173969,0.081479919,0.00248142,0.286679164,0.305356061,0.430635064,0.84094,0.023361714,0.010109412,0.703518138,0.002160403,0.109324005,0.331529372,0.375224312,0.75586,0.221009036,0.000604249,0.053787105,0.467426435,0.087975814,0.370842583,0.236136027,0.370055,0.21792844,0.00050478,0.014699576,0.983565818,0.090655285,0.355555444,0.232714804,1,0.169033282,0.00051202,0.018255307,0.980803693,0.111380668,0.311329988,0.32306818,0.64832,0.200099338,0.000684057,0.4249314,0.048674274,0.089555294,0.381089217,0.169717994,1,0.277185194,0.000278968,0.002191599,0.997214563,0.099145748,0.36286372,0.292125575,1,0.204421108,0.000385705,0.445261451,0.547995445,0.0932394,0.307575827,0.261901251,0.57038,0.23586361,0.0003609,0.008634985,0.63003801,0.100809885,0.299445535,0.300906481,1,0.100414822,0.000739714,0.70019034,0.270970457,0.082509494,0.342721257,0.24656584,1,0.198481281,0.001509644,0.03127569,0.966677852,0.057036519,0.397386353,0.201670824,1,0.26417161,0.000105172,0.002923287,0.996971541
2022-04,629.8593983,597.8593983,0.088387882,0.349079981,0.230811848,0.66289,0.200720662,0.000384317,0.017436403,0.980788165,0.143253643,0.345294663,0.266506891,0.7444,0.047693295,0.004255424,0.007319156,0.332007641,0.392488433,0.211669868,0.38782774,1,-0.035578088,0.051600811,0.762514431,0.001083533,0.296068063,0.310127237,0.424804184,0.687055,0.056917959,0.004948266,0.930021466,0.002527281,0.114868093,0.346009447,0.367645424,0.61743,0.237155445,0.000415948,0.171089624,0.05204791,0.077655621,0.36632953,0.241896078,0.34285,0.206310266,0.000408272,0.008848605,0.986961936,0.161392341,0.352975378,0.387272004,0.51794,0.158314285,0.002239461,0.989888658,0.004754194,0.104221478,0.353019512,0.240365271,0.7853,0.194078233,0.000768529,0.012813501,0.984408442,0.107912647,0.360100777,0.215598612,1,0.26178979,0.000273941,0.019178397,0.978805873,0.111713828,0.307383415,0.274536281,1,0.179751583,0.000647743,0.064746561,0.745125293,0.092519321,0.334041076,0.261351793,0.659875,0.217288024,0.001503036,0.197373554,0.800271852,0.116897717,0.377386854,0.206670094,1,0.114813552,0.002031557,0.005858676,0.987653447,0.047020817,0.450094661,0.173721346,1,0.279064033,3.12E-05,0.000184428,0.999785177,0.07788584,0.351791594,0.261196244,1,0.233861458,0.000590956,0.024021679,0.975762628
2022-05,642.2165517,588.2165517,0.079283328,0.383022534,0.207959156,0.430715,0.213348858,0.000180425,0.003770991,0.995736799,0.170122213,0.334155224,0.292571487,0.69262,0.067147236,0.004890391,0.010976294,0.01151813,0.381709882,0.279176581,0.393060314,1,-0.035560111,0.564663749,0.407537147,0.00173906,0.403669642,0.306749962,0.437697103,1,0.004762737,0.024322236,0.883137676,0.001661337,0.086029563,0.37251292,0.210308362,1,0.220378418,0.00042638,0.006451485,0.992072451,0.080985566,0.372772141,0.212016125,0.337895,0.210348619,0.000408245,0.003040504,0.9946012,0.12075768,0.211313732,0.364760657,0.40828,0.14681213,0.001186169,0.979194024,0.007984575,0.105387071,0.340508765,0.207268037,0.813575,0.201151276,0.00061782,0.004809925,0.986542791,0.094075635,0.362469569,0.220995038,1,0.243706239,0.000269262,0.01583285,0.983297091,0.096659864,0.333596612,0.306168458,1,0.195607444,0.000556265,0.017694521,0.495784786,0.084496792,0.364435872,0.233150045,1,0.269208958,0.000526628,0.012950723,0.986708755,0.113935476,0.214505686,0.37013383,0.49476,0.103031289,0.001293488,0.881362043,0.003791235,0.057950777,0.381259365,0.216512253,1,0.231416473,0.000360264,0.007047378,0.992515586,0.115374851,0.213581011,0.301150102,1,0.267909249,0.000251122,0.854050005,0.129513946
2022-06,810.5147394,764.5147394,0.072808514,0.370383955,0.224005112,0.38001,0.188693925,0.000337236,0.00882108,0.990618499,0.168623932,0.290699146,0.279480613,0.809725,0.048010333,0.011271066,0.060717666,0.066148479,0.207649432,0.251558449,0.409724521,1,-0.038314637,0.010552858,0.944262921,0.001294862,0.414066449,0.314126428,0.43969692,0.810515,0.032486408,0.039698796,0.824064168,0.001587186,0.107243526,0.305312839,0.272592738,1,0.210258111,0.000455811,0.162536723,0.170509278,0.091471333,0.354989469,0.236338571,0.515655,0.222321483,0.000612293,0.014067598,0.965753491,0.131523506,0.196227113,0.393548895,0.41249,0.158834076,0.000570827,0.995358569,0.003697406,0.092787384,0.354344157,0.223963185,0.7773,0.199273038,0.000724861,0.01255071,0.976936879,0.092607219,0.353540743,0.248032073,1,0.244055335,0.000556786,0.029742026,0.969213527,0.115845955,0.2181709,0.346826566,1,0.190900048,0.000332291,0.975758537,0.01793679,0.072020624,0.392695429,0.191519406,0.49695,0.239923876,0.000121837,0.001310759,0.998376883,0.118745952,0.367742448,0.231071001,1,0.103741562,0.002215728,0.009273904,0.983496697,0.083434051,0.363904639,0.242893424,1,0.225804104,0.000641779,0.018996154,0.98058065,0.087959323,0.348545396,0.222194962,1,0.225618134,0.00032579,0.012322266,0.987174911
2022-07,776.0403311,822.0403311,0.093355861,0.362625521,0.221821754,0.36384,0.207041986,0.000390222,0.007178701,0.991900891,0.155828675,0.27551074,0.349934424,1,0.030334239,0.009097026,0.575467165,0.013660073,0.318935204,0.257775094,0.447455089,1,-0.046631262,0.011707508,0.986926008,0.000588258,0.376589667,0.311276804,0.423181236,0.77213,0.051705824,0.013515966,0.368450381,0.001945107,0.106934507,0.344961347,0.254275074,0.86925,0.201770149,0.000717603,0.032780087,0.896365561,0.093546162,0.340002708,0.245771672,0.58746,0.213571402,0.000720236,0.021674505,0.96819188,0.119093249,0.188355843,0.39085074,0.42746,0.159817915,0.000480006,0.996395808,0.002343623,0.11401869,0.305331664,0.269470241,0.679095,0.187753414,0.000864731,0.090107482,0.708373907,0.084627957,0.368716907,0.23242179,1,0.269988723,0.0002003,0.015658735,0.983938325,0.082844766,0.35453251,0.22655321,1,0.186501983,0.000118222,0.022524025,0.976195176,0.071161197,0.396762818,0.189839454,0.49342,0.179958003,0.000150068,0.0020226,0.997639501,0.112726735,0.334226916,0.258155075,0.40156,0.103217585,0.000835505,0.128468875,0.861390519,0.083990318,0.357776482,0.237408953,1,0.23988416,0.000422511,0.020435318,0.978537905,0.08812111,0.349367958,0.223320468,0.876895,0.224774989,0.00071836,0.015578981,0.983491329
2022-08,674.6327563,674.6327563,0.094205595,0.361061308,0.225545922,0.42613,0.208419137,0.000512454,0.006658836,0.992589598,0.170756118,0.27934761,0.333836708,1,0.033225618,0.00606729,0.420966456,0.021498711,0.441268829,0.288023695,0.400431356,1,-0.046067828,0.095664512,0.727828456,0.001269043,0.343892781,0.299339542,0.438706808,1,0.004625544,0.016350562,0.731964849,0.001230021,0.083621454,0.371720908,0.22793412,1,0.227849112,0.000332525,0.012337858,0.980571788,0.085357058,0.357172763,0.22478034,0.352855,0.209590775,0.000406364,0.007622151,0.989214388,0.133148046,0.24941587,0.354472125,0.46715,0.160864332,0.001779303,0.973075858,0.012139682,0.106544263,0.334758167,0.240116036,0.7588,0.200339919,0.000477684,0.025229745,0.967003863,0.082180065,0.348641509,0.243336985,1,0.231438015,0.000734806,0.041007337,0.958257858,0.089208523,0.361714252,0.233110365,1,0.20570111,0.00029234,0.006104731,0.901821722,0.081155816,0.352683357,0.218767466,0.27299,0.136719562,0.000155074,0.00979407,0.989650249,0.077755905,0.284775325,0.295457366,1,0.118433668,0.000480623,0.081923961,0.033460379,0.077697881,0.367840537,0.210066877,1,0.254250666,0.000347336,0.012900936,0.983722103,0.085540645,0.326297494,0.247615024,1,0.225609498,0.000623387,0.053992677,0.944272155
2022-09,815.8267058,786.8267058,0.083240815,0.358977345,0.238758381,0.379015,0.205977506,0.000338969,0.019707473,0.975326829,0.164784567,0.276979533,0.379551871,0.7584,0.052723774,0.007057756,0.67502897,0.009617369,0.317020534,0.293297728,0.39694215,1,-0.040929688,0.006154234,0.04781928,0.000764076,0.392294469,0.300379605,0.440699988,1,0.004964018,0.019954669,0.410992853,0.000787088,0.102156981,0.328507156,0.291820753,0.70921,0.201051202,0.000831688,0.224629547,0.738318811,0.088660796,0.349739086,0.220828241,0.36669,0.212245865,0.000645837,0.011630936,0.983099642,0.117816105,0.201237189,0.357212017,0.40812,0.162441586,0.000905143,0.970163053,0.010826272,0.101286212,0.335884733,0.247906724,0.759405,0.202800887,0.000764594,0.021165406,0.934439607,0.089916942,0.366407189,0.205664305,1,0.237070665,0.000655071,0.007849219,0.990818011,0.123947167,0.309930437,0.246630613,1,0.190636846,0.000578705,0.069527382,0.876974491,0.089638954,0.356757018,0.214918098,1,0.24698445,0.000469102,0.007518843,0.991392207,0.153584876,0.241446063,0.296506098,1,0.11219811,0.00166395,0.0610969,0.013047052,0.067521357,0.382738323,0.250559941,1,0.230734305,0.000310575,0.014787711,0.984901714,0.076085667,0.381159875,0.204580582,1,0.228074845,0.000355868,0.004344487,0.995299645
2022-10,863.7809825,961.7809825,0.081168582,0.374770537,0.215990927,0.48856,0.208958042,0.000369326,0.005893202,0.993711963,0.190272005,0.306261196,0.372819219,1,0.038260137,0.006822789,0.133853397,0.005262621,0.407430837,0.277349711,0.421621535,1,-0.040794184,0.083326644,0.863914783,0.000693185,0.422672549,0.304513374,0.451128131,0.80126,0.049043448,0.011835192,0.940377848,0.000688007,0.097369953,0.343369188,0.231579932,0.66483,0.186173497,0.0005,0.017771534,0.980510345,0.081353415,0.350911919,0.235678565,0.486195,0.204231552,0.000679639,0.015799585,0.979303105,0.11642465,0.297189316,0.252628623,0.44746,0.149897749,0.000940807,0.053725755,0.190684022,0.112444621,0.351751475,0.239371798,0.71172,0.189138797,0.000874155,0.019705412,0.973990626,0.100993555,0.337506193,0.260630746,1,0.229947997,0.000665831,0.14279227,0.747728675,0.105270665,0.339794763,0.230133629,1,0.192927921,0.000324853,0.031229133,0.96712152,0.084568939,0.353895642,0.2121774,1,0.267561556,0.000422462,0.009773133,0.989741567,0.114368334,0.247643626,0.308684881,0.46317,0.105078633,0.001770748,0.692632985,0.101971352,0.053509653,0.415168046,0.176924819,1,0.250284606,8.74E-05,0.000581173,0.99933143,0.092636,0.350501626,0.233150687,1,0.24840806,0.000430998,0.016019182,0.982559201
2022-11,773.0298058,785.0298058,0.085235747,0.368387777,0.222019988,0.392215,0.205099408,0.000201217,0.007068734,0.992328377,0.155219221,0.30836387,0.341679787,0.72476,0.050920179,0.005783443,0.365431015,0.012844818,0.216515378,0.184003354,0.401395502,1,-0.036430698,0.00962572,0.948842355,0.001335026,0.301597113,0.299068852,0.438105053,0.7417,0.051247639,0.005702763,0.968899206,0.000692501,0.091258419,0.355145149,0.227486956,0.928705,0.196307085,0.000423215,0.008137773,0.987623274,0.085860698,0.359649168,0.232734535,0.44234,0.21290372,0.000617525,0.014056329,0.983482833,0.101255634,0.302351661,0.346349838,0.68089,0.168140937,0.000649475,0.667615848,0.22274589,0.096478007,0.364259951,0.224034301,0.67419,0.190151375,0.000566752,0.011461552,0.987901109,0.080480296,0.37667852,0.218999876,1,0.258042721,0.000289135,0.011552522,0.98801181,0.108159446,0.34376906,0.232691087,1,0.192248983,0.00018416,0.051608097,0.947415156,0.09101856,0.36686008,0.214467474,1,0.280534277,0.000341201,0.004909651,0.994529976,0.090547389,0.371720479,0.204555004,1,0.113813484,0.000688681,0.002725296,0.993049748,0.061445716,0.375912272,0.234894478,1,0.232710039,0.000268824,0.010295554,0.989239846,0.096336447,0.345333256,0.231109365,1,0.231899739,0.000674948,0.01799227,0.980435193
2022-12,625.1413776,597.1413776,0.083721542,0.35170575,0.251978196,0.55769,0.221050673,0.000324981,0.034207675,0.964787321,0.163218693,0.28570521,0.347323581,0.8592,0.04111407,0.005463863,0.385117736,0.025828493,0.189498706,0.287639139,0.415205527,1,-0.037637336,0.004199451,0.946916413,0.001283015,0.395189352,0.292079695,0.463628663,1,0.004844293,0.009840127,0.956314667,0.000545232,0.092615608,0.342367222,0.226208019,1,0.188686813,0.000684571,0.030163853,0.960538151,0.078828157,0.357006218,0.232515492,0.40959,0.215313118,0.000449368,0.014627399,0.981759488,0.093040483,0.324543012,0.265140802,0.56244,0.152078524,0.000811923,0.084595906,0.854451291,0.101474365,0.351060181,0.228503934,0.47145,0.177721068,0.000844989,0.014609661,0.98208244,0.093189799,0.333413789,0.250411858,1,0.230545266,0.000527057,0.079385585,0.914345964,0.104800348,0.353685,0.230173326,1,0.188617849,0.000416172,0.015414672,0.980583727,0.075537704,0.376923874,0.204125451,0.48699,0.200747262,0.000265176,0.004288103,0.994634818,0.099554377,0.317125606,0.235973284,0.52227,0.105829688,0.000742894,0.016819824,0.636255877,0.069268425,0.30093206,0.322660889,1,0.238463971,0.000298182,0.554612012,0.444104884,0.078793542,0.337771756,0.25299238,1,0.243761801,0.000282071,0.046345843,0.950139633
2023-01,660.721424,756.721424,0.092676542,0.363756061,0.225615231,0.51769,0.19962419,0.00042327,0.009691173,0.989661161,0.148521777,0.288824574,0.356869046,1,0.044184635,0.002931687,0.798833489,0.008876812,0.155201746,0.245150817,0.39758397,1,-0.036753934,0.004635127,0.933699829,0.003095097,0.247016016,0.286218381,0.41443531,0.811945,0.029913842,0.005338926,0.938231341,0.001173932,0.086871337,0.35504317,0.227961277,0.73873,0.196728968,0.000489084,0.019112714,0.979882972,0.091204314,0.355152171,0.225044159,0.4176,0.212708963,0.000803119,0.010078017,0.986560302,0.119242227,0.290478157,0.295881804,0.490655,0.163295462,0.000731392,0.490330915,0.212856618,0.108647296,0.349941382,0.231852751,0.747945,0.197078598,0.000748405,0.018659502,0.975638087,0.099623607,0.342767983,0.242371362,1,0.220320556,0.000641777,0.03675799,0.956063512,0.104369333,0.306783004,0.314741485,1,0.190053466,0.000552408,0.381343297,0.216158871,0.08335974,0.389545663,0.192617853,1,0.264601814,0.000152705,0.00108982,0.998819868,0.132113185,0.252575457,0.341581092,1,0.108981738,0.002361708,0.667620989,0.004738781,0.079243214,0.363681573,0.245570356,1,0.251333525,0.000517726,0.014229579,0.966481,0.086005282,0.368125993,0.211574653,1,0.233173203,0.000364291,0.006756938,0.992727303
2023-02,635.670656,557.670656,0.084077285,0.372040563,0.227229089,0.71714,0.224024817,0.000288573,0.010906186,0.987429262,0.177871179,0.2806179,0.353844066,1,0.038373218,0.007407983,0.349153153,0.007561067,0.226399475,0.186079712,0.37800945,1,-0.033758074,0.009256822,0.944357931,0.001584233,0.212255255,0.283697069,0.417131938,1,0.004407791,0.00563749,0.95227407,0.001619807,0.093691172,0.35527001,0.232755366,0.745895,0.205308702,0.000557796,0.020579101,0.977067303,0.086635869,0.35985689,0.235019737,0.48731,0.216346633,0.000479725,0.013987716,0.981383115,0.114946985,0.289972617,0.273517422,0.488315,0.156660284,0.000884506,0.178972308,0.732409681,0.108297863,0.340411481,0.2411914,0.671735,0.190696934,0.000799552,0.027573597,0.949704296,0.083119743,0.355199509,0.212174869,1,0.247281463,0.000372056,0.015603754,0.982366922,0.101054792,0.306820534,0.251394455,1,0.180545487,0.000541503,0.089659204,0.792277397,0.087859768,0.38040242,0.204933908,1,0.232286775,0.000330533,0.002693475,0.996876771,0.114117212,0.242045421,0.28407885,0.65443,0.105652548,0.001463314,0.047510144,0.01419476,0.069692339,0.360891323,0.264458495,1,0.246534843,0.00021237,0.039928853,0.959633038,0.089969266,0.352262986,0.243312563,1,0.255912885,0.00057683,0.049471201,0.948607273
2023-03,619.9511244,619.9511244,0.088896218,0.358853613,0.226546218,0.38011,0.204750638,0.000350635,0.013210477,0.986379119,0.158820111,0.25696143,0.340063436,0.686545,0.056521046,0.003776954,0.700498654,0.009982158,0.161586624,0.203059828,0.375141223,1,-0.034269602,0.002376298,0.981969976,0.001920868,0.248931547,0.306228894,0.414089358,0.68028,0.049141836,0.004766509,0.945186115,0.001760546,0.095989342,0.360936862,0.224693322,1,0.217937134,0.00036746,0.008741691,0.988887347,0.090856677,0.346929896,0.238539146,0.39932,0.215008374,0.000708648,0.012589057,0.970314736,0.099793621,0.295168374,0.283139944,0.47886,0.153821128,0.000597493,0.222537609,0.770666369,0.104353285,0.347043699,0.23432793,0.690425,0.192497081,0.00069494,0.025988241,0.965771702,0.094246045,0.342748977,0.242760706,1,0.221198044,0.000580211,0.032942095,0.959297811,0.106834957,0.332207477,0.228617517,1,0.18186974,0.000487477,0.019540825,0.962292332,0.080645263,0.382454574,0.195985727,1,0.263157778,0.000215824,0.002669645,0.997226911,0.123208289,0.226964932,0.318114462,1,0.102236861,0.002480809,0.469557405,0.046087835,0.085416032,0.328542453,0.265361822,1,0.208620191,0.001045635,0.091501998,0.907285738,0.085733435,0.353174282,0.227352756,1,0.237216063,0.000713181,0.020536297,0.978858724
