Date,Order,neg_EV,pos_EV,neu_EV,Topic_probability_EV,Topic-wise_Values_EV,tsf_neg_EV,tsf_neu_EV,tsf_pos_EV,neg_Technology,pos_Technology,neu_Technology,Topic_probability_Technology,Topic-wise_Values_Technology,tsf_neg_Technology,tsf_neu_Technology,tsf_pos_Technology,neg_ASEAN,pos_ASEAN,neu_ASEAN,Topic_probability_ASEAN,Topic-wise_Values_ASEAN,tsf_neg_ASEAN,tsf_neu_ASEAN,tsf_pos_ASEAN,neg_market,pos_market,neu_market,Topic_probability_market,Topic-wise_Values_market,tsf_neg_market,tsf_neu_market,tsf_pos_market,neg_semicon,pos_semicon,neu_semicon,Topic_probability_semicon,Topic-wise_Values_semicon,tsf_neg_semicon,tsf_neu_semicon,tsf_pos_semicon
1/4/2018 0:00,589.0154684,0.24314551,0.06343762,0.036077622,0.447005965,0.409714329,0.012789215,8.47E-05,0.006452669,0.001774108,0.48015293,0.23344548,0.584623264,0.391257946,0.000119482,0.005419754,0.597809542,0.000569517,0.99285951,0.006692366,0.538575234,0.399664185,7.32E-05,1.40E-05,0.999907769,0.000742107,0.044148996,0.5825612,0.588270557,0.390989479,6.75E-05,0.917134771,0.002760188,0.008053515,0.10783232,0.00826743,0.528869613,0.399069819,8.21E-05,4.51E-05,0.001346881
1/5/2018 0:00,629.2358511,0.001641737,0.97988564,0.015263899,0.511226692,0.470848159,8.98E-05,1.55E-05,0.99989064,0.000953759,0.9881932,0.010373577,0.620490554,0.43190672,8.54E-05,1.39E-05,0.999894744,0.001400618,0.7575568,0.06614267,0.588685312,0.394077793,7.56E-05,6.31E-05,0.996856878,0.090173052,0.507267379,0.402559564,0.55294409,0.309122142,0.00081636,0.49910857,0.50007507,0.000469494,0.9934891,0.005926363,0.476797596,0.43051478,7.43E-05,1.15E-05,0.999914416
1/6/2018 0:00,608.5117502,0.000755243,0.98007539,0.008891843,0.402369459,0.458773955,9.46E-05,1.56E-05,0.999889772,0.001243765,0.9834082,0.01462162,0.592400508,0.420649218,8.75E-05,1.53E-05,0.999889295,0.001240031,0.6106117,0.111687442,0.54176267,0.384259343,8.76E-05,0.00024618,0.70754886,0.004608038,0.748047625,0.209487995,0.552754263,0.256478902,0.000378284,0.002134192,0.996473673,0.010822414,0.530895135,0.006779389,0.417170552,0.42134884,0.000107464,3.01E-05,0.500026757
1/7/2018 0:00,572.9104906,0.001171559,0.9795454,0.019282868,0.558852132,0.51124943,9.50E-05,1.36E-05,0.999891345,0.00060513,0.9927103,0.006756743,0.575374296,0.422547288,8.63E-05,1.38E-05,0.999898398,0.001173492,0.94785446,0.020789865,0.582759353,0.394663339,8.08E-05,3.62E-05,0.999849666,0.003582014,0.63649046,0.040858007,0.750541882,0.37380949,0.000829585,6.87E-05,0.512396604,0.000505305,0.99463767,0.004713185,0.444282486,0.405471767,7.26E-05,1.13E-05,0.99991619
1/8/2018 0:00,586.5510618,0.000470748,0.99135226,0.008177021,0.614715349,0.495580486,8.15E-05,1.14E-05,0.999906176,0.000664084,0.95114247,0.024084584,0.565177531,0.41352777,9.96E-05,3.55E-05,0.99983094,0.001115874,0.88463241,0.022041492,0.508868392,0.390090562,8.12E-05,7.05E-05,0.999607231,0.7295793,0.24188688,0.028533896,0.340940631,0.173947329,0.985423076,0.000609973,0.013966951,0.001183324,0.9838967,0.01254884,0.535699035,0.416632811,8.05E-05,1.33E-05,0.999906247
1/9/2018 0:00,620.4658036,0.000515589,0.98891465,0.010569725,0.453225419,0.478780913,8.01E-05,1.27E-05,0.999905624,0.001027292,0.974974975,0.01504382,0.579985215,0.42524697,8.45E-05,1.92E-05,0.999879629,0.005806627,0.057407495,0.030189972,0.639676554,0.387472054,8.93E-05,7.54E-05,0.000261055,0.00095524,0.99523586,0.003778828,0.472380517,0.428453979,7.35E-05,1.35E-05,0.999913066,0.005308172,0.059667528,0.012078095,0.478373965,0.389617826,0.005872534,5.13E-05,0.000150041
1/10/2018 0:00,690.7198753,0.00058953,0.99466705,0.00461189,0.549826855,0.470427195,7.81E-05,1.12E-05,0.999911593,0.000445073,0.99365586,0.005763549,0.553256475,0.43090397,8.69E-05,1.29E-05,0.999900385,0.001289247,0.8559161,0.040262505,0.498493945,0.372351007,0.000116859,5.74E-05,0.999368666,0.90261453,0.011590658,0.08579478,0.709830847,0.300859085,0.99929541,0.000353929,0.000350661,0.00270954,0.08154709,0.713255525,0.427674724,0.409956114,9.70E-05,0.883350849,0.003848167
1/11/2018 0:00,665.0212089,0.000562949,0.99057033,0.008649487,0.789867807,0.493830388,8.27E-05,1.24E-05,0.999905262,0.001284989,0.9550224,0.03485512,0.556511822,0.406631467,0.000109475,3.03E-05,0.999838137,0.001257708,0.676289,0.0376911,0.64542023,0.392281126,8.27E-05,0.000109297,0.981630119,0.000488336,0.995464625,0.004047012,0.500664887,0.406605029,6.86E-05,1.22E-05,0.999919261,0.000920549,0.9776256,0.021352226,0.473130338,0.410205699,8.44E-05,1.72E-05,0.999898426
1/12/2018 0:00,555.6764161,0.000753772,0.98917353,0.010241536,0.640001271,0.479364121,8.29E-05,1.14E-05,0.999903783,0.003074657,0.7045909,0.011357703,0.464166688,0.427487469,8.63E-05,4.97E-05,0.992232584,0.001256132,0.91457385,0.0322276,0.518766143,0.392936886,7.92E-05,6.22E-05,0.999749721,0.001531193,0.98139405,0.00712362,0.512078781,0.412898572,7.59E-05,1.79E-05,0.999906246,0.000503351,0.99058,0.00762045,0.491993796,0.421650714,7.11E-05,1.22E-05,0.999911415
1/1/2019 0:00,577.933195,0.000433196,0.99460626,0.00496065,0.637281101,0.506329184,7.87E-05,1.08E-05,0.999910827,0.001374309,0.72700518,0.14671159,0.629719572,0.394618253,0.000119283,0.000816169,0.937502943,0.004919249,0.032137359,0.282843235,0.607352397,0.364971147,0.000129642,0.012643851,0.001154113,0.020720979,0.593742565,0.385536301,0.34886335,0.327221257,0.000462024,0.498502406,0.50103557,0.000694818,0.9568904,0.039726887,0.530853993,0.401418591,0.00010733,2.53E-05,0.999867377
1/2/2019 0:00,504.0252238,0.00128697,0.555565162,0.443147841,0.727160847,0.370684913,0.000142051,0.499754708,0.50010324,0.000695623,0.96770698,0.023701643,0.745877522,0.419647923,8.82E-05,2.32E-05,0.999862328,0.002828243,0.51631879,0.018884157,0.530719807,0.393971877,0.000170537,6.53E-05,0.631274188,0.003037577,0.56508668,0.010437595,0.361948527,0.434653816,0.000144944,3.99E-05,0.500162619,0.000397864,0.99555107,0.004051095,0.394024006,0.417401342,7.14E-05,1.13E-05,0.999917255
1/3/2019 0:00,619.0566381,0.32596654,0.053296793,0.62073666,0.896125823,0.039944022,0.058662358,0.938366819,0.002970823,0.001346569,0.90644544,0.04327997,0.682284279,0.409745482,8.83E-05,4.99E-05,0.999700292,0.001989144,0.8408605,0.028279152,0.554412079,0.387478585,8.79E-05,8.19E-05,0.99927168,0.003054202,0.450078286,0.541162013,0.569133402,0.327118642,6.79E-05,0.500049156,0.499794306,0.000819949,0.6495366,0.078937545,0.445951898,0.373356273,0.000128997,0.000327224,0.974513657
1/4/2019 0:00,589.2098267,0.001686528,0.8310359,0.006419628,0.504509324,0.472662306,0.000445478,4.41E-05,0.99908438,0.001127259,0.9560482,0.018822523,0.670735993,0.431577435,8.94E-05,2.91E-05,0.999847001,0.000901538,0.987532885,0.011114591,0.548924178,0.407903092,7.95E-05,1.49E-05,0.999900111,0.021429528,0.518216515,0.460353989,0.76348072,0.382998077,9.11E-05,0.499913643,0.499995269,0.020096613,0.385564347,0.20091257,0.5498033,0.365630787,0.001075376,0.002225451,0.497766213
1/5/2019 0:00,567.4572794,0.01238012,0.38408055,0.60353938,0.659230606,0.319075374,0.000584913,0.500746694,0.498668393,0.001789006,0.65122195,0.083395628,0.564300879,0.401188361,0.000116535,0.000236802,0.9619488,0.001784054,0.5912577,0.03997113,0.536482302,0.376611315,0.000108134,9.00E-05,0.908245967,0.000452356,0.9959655,0.003584117,0.500983175,0.395482908,7.21E-05,1.30E-05,0.999915816,0.000789077,0.059099946,0.9361155,0.405561126,0.403044022,6.60E-05,0.999837661,7.84E-05
1/6/2019 0:00,518.9057302,0.000526028,0.980481025,0.019025968,0.479747417,0.470827502,7.95E-05,1.72E-05,0.999889407,0.000834274,0.96769337,0.011563145,0.588286396,0.425676966,8.86E-05,2.40E-05,0.99986284,0.00067001,0.9878185,0.010571698,0.517592406,0.399049844,7.75E-05,1.45E-05,0.999907903,0.011928105,0.19072215,0.6332978,0.595163163,0.061008092,0.002841658,0.950363559,0.030685114,0.001843672,0.6639847,0.05257725,0.462278346,0.38633854,0.000117694,0.000105645,0.980164079
1/7/2019 0:00,568.7577495,0.000570337,0.990826,0.008069802,0.666001807,0.465630371,8.23E-05,1.23E-05,0.99990509,0.000927723,0.9577938,0.019757427,0.502606416,0.419171713,9.80E-05,2.57E-05,0.999859909,0.001210445,0.17241421,0.120230265,0.608160756,0.388262726,8.19E-05,0.000616662,0.0010674,0.001404812,0.93744946,0.04067159,0.646888418,0.340213009,0.000106691,4.16E-05,0.999812558,0.002363296,0.94834363,0.04929318,0.499910216,0.389781718,8.51E-05,3.11E-05,0.999847066
1/8/2019 0:00,517.4997877,0.002216783,0.93252748,0.065008305,0.541133162,0.374815514,0.000152127,4.53E-05,0.999802566,0.002103714,0.3823898,0.5619765,0.502179017,0.404383729,9.73E-05,0.840133548,0.132731952,0.001297679,0.083508335,0.22409952,0.544724929,0.397726032,7.57E-05,0.004723555,0.000231982,0.171168288,0.060526046,0.236548097,0.519703997,0.328864612,0.02913322,0.154948298,0.001678842,0.01158472,0.2627199,0.030217664,0.549634222,0.38679546,0.000219397,9.33E-05,0.011448442
1/9/2019 0:00,566.8298767,0.000766421,0.9627496,0.035133798,0.665883715,0.478728953,7.93E-05,2.32E-05,0.999874743,0.001649753,0.51065661,0.054575167,0.590724676,0.413627527,0.000183851,6.18E-05,0.617478778,0.001894478,0.18100095,0.130957395,0.570417786,0.395332779,8.19E-05,0.000259132,0.012269748,0.436576602,0.507370702,0.056052746,0.401712303,0.343980015,0.499569572,0.000252677,0.500177751,0.001418197,0.89034724,0.08421926,0.422249581,0.375976393,7.16E-05,0.000113927,0.999665281
1/10/2019 0:00,630.52266,0.000765842,0.9868782,0.011260734,0.474272132,0.463383615,8.74E-05,1.37E-05,0.999899095,0.000772671,0.9747334,0.015997662,0.566931466,0.42493753,8.42E-05,1.94E-05,0.999875078,0.002933982,0.21216727,0.184143785,0.574363015,0.349227478,0.000138692,0.003377109,0.035486722,0.000949531,0.89653255,0.009440223,0.4468364,0.419673917,7.45E-05,3.70E-05,0.999267256,0.001355713,0.134289525,0.32418134,0.450831045,0.376572341,0.000101232,0.049948791,0.000886969
1/11/2019 0:00,521.4572965,0.000502515,0.99309145,0.006406132,0.421417699,0.47868292,8.08E-05,1.15E-05,0.999907735,0.001006219,0.9846872,0.011938655,0.54749627,0.422739737,8.51E-05,1.51E-05,0.999900013,0.001055711,0.8703128,0.033060929,0.578536575,0.395040212,8.62E-05,5.52E-05,0.999512422,0.000429249,0.99354948,0.006021293,0.435805759,0.367943394,7.38E-05,1.32E-05,0.999912928,0.000749766,0.8704473,0.11707145,0.494145963,0.377472259,7.07E-05,0.000146792,0.999584147
1/12/2019 0:00,508.5262445,0.009508165,0.48157617,0.1014351,0.474741216,0.385296791,0.000100495,0.000140433,0.812408204,0.00085874,0.9803822,0.018687136,0.639884045,0.433142319,8.20E-05,1.67E-05,0.999883212,0.002980372,0.39971736,0.07307412,0.609159343,0.387658938,8.02E-05,8.09E-05,0.411145973,0.000649266,0.99015963,0.009299954,0.496214312,0.409459265,7.08E-05,1.51E-05,0.999908348,0.000390016,0.99640323,0.003186854,0.499423209,0.42935261,6.96E-05,1.07E-05,0.999919979
1/1/2020 0:00,546.9969523,0.000708103,0.99187994,0.007413619,0.693624233,0.497589535,8.22E-05,1.08E-05,0.999907502,0.001903326,0.963138,0.01649778,0.594310915,0.425206999,0.000109714,2.55E-05,0.999856728,0.001122097,0.957016405,0.024480819,0.519993818,0.392573494,8.42E-05,2.77E-05,0.999860067,0.001348167,0.93045276,0.02625413,0.546903581,0.424437578,7.33E-05,5.64E-05,0.999814963,0.000456098,0.9909756,0.008568251,0.560926061,0.430124097,7.13E-05,1.12E-05,0.999917497
1/2/2020 0:00,430.1121784,0.002877622,0.7883602,0.208762144,0.615577135,0.289974245,0.002379577,0.036273141,0.961347283,0.000689559,0.98818195,0.009495687,0.592210266,0.433320921,8.76E-05,1.44E-05,0.999899519,0.001341539,0.98332777,0.0113896,0.532864495,0.397843996,8.06E-05,1.69E-05,0.999894122,0.001257494,0.8081055,0.01309483,0.439926481,0.41523981,7.32E-05,7.31E-05,0.998687996,0.000447522,0.994550495,0.005002029,0.587185977,0.409223639,6.77E-05,1.10E-05,0.999921301
1/3/2020 0:00,475.6312679,0.000540772,0.994388775,0.005038337,0.629803484,0.484335539,7.95E-05,1.08E-05,0.999910233,0.002929067,0.83961236,0.023947185,0.597263807,0.423970434,0.000189517,6.09E-05,0.999162266,0.001828084,0.54977713,0.17918993,0.627024725,0.37540053,8.44E-05,0.001595215,0.769238505,0.000832192,0.98464555,0.006674402,0.674231244,0.432487799,7.27E-05,1.72E-05,0.99991019,0.00170258,0.687315365,0.020276296,0.408118281,0.405764954,9.27E-05,6.33E-05,0.773835107
1/4/2020 0:00,616.3756139,0.00047461,0.9936606,0.005864938,0.741960357,0.516037308,8.11E-05,1.07E-05,0.999908119,0.000671762,0.992837075,0.005727969,0.545940141,0.434285124,7.95E-05,1.29E-05,0.999900125,0.001917471,0.43207519,0.0936677,0.592181612,0.372632833,0.000105123,0.000341949,0.280253614,0.000527084,0.988795,0.010677932,0.659402056,0.42085462,7.06E-05,1.50E-05,0.999913376,0.420719905,0.028433966,0.102849107,0.515203864,0.381388882,0.499313347,0.000475551,0.000508141
1/5/2020 0:00,524.2169549,0.004401298,0.003288906,0.024861505,0.460071788,0.485556573,8.92E-05,6.76E-05,0.00015458,0.001419513,0.201657685,0.071277923,0.641029022,0.424468743,8.69E-05,9.28E-05,0.005903639,0.001524419,0.77917198,0.036995307,0.579599688,0.387492252,9.31E-05,6.81E-05,0.992104309,0.000868988,0.9833782,0.015201658,0.699975906,0.331923482,7.11E-05,1.69E-05,0.999905852,0.000436233,0.9961759,0.003492522,0.455508961,0.422951864,7.08E-05,1.11E-05,0.999918471
1/6/2020 0:00,585.0344164,0.000496519,0.99359864,0.005972249,0.551786428,0.4708512,7.94E-05,1.19E-05,0.999910099,0.000977556,0.9723361,0.020813292,0.645878077,0.424363726,8.66E-05,2.01E-05,0.999873371,0.001459729,0.75531788,0.068176778,0.543162635,0.380068145,7.96E-05,0.000138284,0.993460268,0.001103218,0.541395942,0.011421643,0.468482091,0.361368089,9.33E-05,3.64E-05,0.50189042,0.003420683,0.170542645,0.45536564,0.491459786,0.358770479,0.000651089,0.413477389,0.015474182
1/7/2020 0:00,585.5887177,0.000667155,0.01719892,0.1079887,0.75036589,0.529388441,7.60E-05,0.000358347,0.000383868,0.000797241,0.979236365,0.015558355,0.622273186,0.420726798,8.67E-05,1.67E-05,0.999890576,0.002095737,0.39648262,0.04097561,0.611668238,0.372622383,8.74E-05,9.68E-05,0.098547814,0.000783853,0.988771615,0.01032617,0.53559067,0.377462801,7.49E-05,1.49E-05,0.999910169,0.003227133,0.572579385,0.23319595,0.431739075,0.338131023,0.000126497,0.009954365,0.52145878
1/8/2020 0:00,599.7100724,0.002148092,0.976886215,0.018301765,0.594061053,0.480365426,7.82E-05,1.44E-05,0.99988618,0.000844066,0.98396873,0.01394398,0.630240065,0.422770939,8.61E-05,1.67E-05,0.999886124,0.00117333,0.62749857,0.052168943,0.603557937,0.384984477,8.13E-05,8.25E-05,0.948536817,0.000554802,0.9874225,0.012022723,0.422076254,0.393202714,7.53E-05,1.45E-05,0.999909504,0.015006023,0.030758195,0.76035833,0.461324804,0.403770122,7.10E-05,0.996392885,0.000785327
1/9/2020 0:00,596.0852742,0.000845333,0.9827327,0.016422009,0.526878351,0.459278754,8.38E-05,1.45E-05,0.999895953,0.002096578,0.95039645,0.014805866,0.609229628,0.426299875,0.000103116,3.40E-05,0.999839338,0.002981669,0.06518062,0.14429441,0.607377979,0.36738164,9.92E-05,0.001447424,0.000481601,0.000372653,0.9962895,0.003351718,0.517169538,0.394729014,7.13E-05,1.33E-05,0.999916816,0.001276363,0.93822354,0.03459721,0.515795803,0.375422313,9.41E-05,3.93E-05,0.999833729
1/10/2020 0:00,540.2587132,0.000365843,0.9954177,0.004225912,0.67428005,0.512974809,7.94E-05,9.76E-06,0.999909659,0.001153535,0.9028945,0.047545835,0.49067987,0.421447083,8.25E-05,4.89E-05,0.999684438,0.001945103,0.48035949,0.27233348,0.543367772,0.391124345,7.86E-05,0.017997582,0.601365392,0.66857142,0.168862123,0.068432423,0.467555848,0.245951466,0.954139663,0.000985103,0.039962188,0.00175214,0.100195504,0.116535614,0.486249873,0.396083666,8.29E-05,0.002215501,0.001075721
1/11/2020 0:00,478.1792523,0.000665375,0.986102135,0.011225928,0.651613317,0.499915236,7.93E-05,1.30E-05,0.999902181,0.000777051,0.9842406,0.015142413,0.549594053,0.424597319,8.81E-05,1.48E-05,0.999895932,0.001540893,0.41185614,0.029356079,0.559297583,0.3768889,8.86E-05,7.36E-05,0.312172448,0.001891172,0.8284882,0.05634612,0.455433846,0.354410607,8.13E-05,0.000168934,0.9990251,0.004380253,0.6715458,0.26844624,0.529501469,0.392697195,0.00012501,0.007892401,0.988726058
1/12/2020 0:00,505.2890324,0.000736869,0.95101777,0.027179785,0.734606819,0.493621861,9.39E-05,3.20E-05,0.999843111,0.001147129,0.982729425,0.008801262,0.587138788,0.425583623,8.94E-05,1.58E-05,0.99989111,0.001685785,0.34683186,0.07636245,0.622085488,0.381452403,8.46E-05,0.000105326,0.036614094,0.000671598,0.99267864,0.006762867,0.647258787,0.341586129,7.46E-05,1.42E-05,0.999911688,0.002930362,0.528945872,0.019674277,0.44763035,0.409099297,0.000106842,3.52E-05,0.500051083
1/1/2021 0:00,512.2768875,0.000952572,0.9755391,0.017427399,0.547888457,0.454828207,9.69E-05,1.76E-05,0.999885509,0.001561643,0.82011273,0.050021339,0.58362618,0.417948404,0.000101991,7.83E-05,0.99881176,0.001273193,0.795828725,0.07593574,0.638088344,0.387452799,8.38E-05,0.00011505,0.998280184,0.001718868,0.73284994,0.265431259,0.631967972,0.269167,0.00019078,0.30215773,0.694621256,0.003007116,0.6136075,0.02754667,0.433624808,0.416639339,0.000106046,4.82E-05,0.939360979
1/2/2021 0:00,528.7909221,0.002289533,0.91509295,0.026854753,0.599581065,0.460339882,0.000192238,3.76E-05,0.999752101,0.000560355,0.991855825,0.00627811,0.564993623,0.43439734,8.28E-05,1.34E-05,0.99990051,0.001377667,0.36634654,0.065537944,0.511207361,0.391215865,7.91E-05,0.000191783,0.072971122,0.00118128,0.89924765,0.033909783,0.675588394,0.412047467,9.81E-05,5.06E-05,0.999582072,0.000483455,0.99036545,0.009193412,0.551737673,0.407742229,7.03E-05,1.30E-05,0.99991555
1/3/2021 0:00,527.2156543,0.001163827,0.969920035,0.008786395,0.569213962,0.49357727,7.93E-05,1.83E-05,0.999878897,0.000685286,0.98548115,0.007125842,0.573657015,0.419777026,8.64E-05,1.58E-05,0.999899458,0.004293152,0.17838446,0.024006944,0.607218012,0.386079031,0.000101886,6.20E-05,0.003681507,0.00109847,0.82376385,0.1651422,0.553342241,0.248622768,9.04E-05,0.000589593,0.998960711,0.013097095,0.09405646,0.07082375,0.420676488,0.391133663,0.000138306,6.48E-05,0.000418451
1/4/2021 0:00,568.2280569,0.00118484,0.9516573,0.036592983,0.532538786,0.440427427,0.000109819,2.64E-05,0.999853768,0.00130055,0.9286754,0.010133753,0.574785393,0.429285896,8.79E-05,4.93E-05,0.999775174,0.002710576,0.47564346,0.116465755,0.546362188,0.342850591,0.000228331,0.000278594,0.397232547,0.002123424,0.912382125,0.08408413,0.59220834,0.38023783,8.09E-05,0.000182333,0.999596021,0.001502661,0.50943786,0.488457385,0.540131905,0.397936656,8.13E-05,0.432314531,0.56303867
1/5/2021 0:00,630.3448146,0.001562273,0.16370124,0.11599942,0.594357435,0.378513653,0.000269338,0.000140145,0.000764877,0.002241243,0.82645842,0.166710235,0.590569365,0.406368749,9.64E-05,0.000742788,0.998670199,0.003514217,0.059969572,0.123091585,0.586627342,0.387320362,8.11E-05,0.00037749,0.000240951,0.002156006,0.55325299,0.069478342,0.518999151,0.322949143,7.66E-05,0.000128596,0.505184159,0.001471713,0.86747977,0.060701491,0.484689876,0.406807399,0.000143536,8.67E-05,0.999519894
1/6/2021 0:00,561.3762161,0.000605995,0.9886808,0.010713189,0.569834348,0.470260502,8.09E-05,1.26E-05,0.999899329,0.001117529,0.8621988,0.013441354,0.677556766,0.4308623,8.92E-05,4.78E-05,0.999412252,0.001411974,0.50554251,0.097238285,0.580180182,0.35969946,9.14E-05,0.000335213,0.655369295,0.000807973,0.9464819,0.05230328,0.692343963,0.379936939,7.77E-05,4.74E-05,0.999834223,0.000580262,0.979387,0.020001644,0.389337962,0.427733179,7.44E-05,1.47E-05,0.999902037
1/7/2021 0:00,746.8983236,0.00078794,0.9510227,0.011494678,0.640974072,0.495754282,8.54E-05,2.74E-05,0.999843413,0.000947922,0.96112377,0.011269536,0.659704543,0.429333848,9.11E-05,2.67E-05,0.999856434,0.001702105,0.433953465,0.341917565,0.539081574,0.385230214,8.30E-05,0.024589554,0.331226789,0.002572088,0.124608672,0.56528336,0.428868858,0.366266837,8.86E-05,0.51181338,0.000584214,0.003440009,0.5420238,0.048895009,0.533456871,0.385273635,9.66E-05,6.40E-05,0.657854644
1/8/2021 0:00,600.1224048,0.000994485,0.488623279,0.333636955,0.520999773,0.443373699,8.87E-05,0.437897105,0.501190108,0.002013673,0.918997285,0.04824845,0.585830949,0.405767704,0.000134379,4.88E-05,0.99975476,0.002699579,0.5197062,0.10550901,0.555884952,0.379878276,7.83E-05,0.000173223,0.643893826,0.002516259,0.98533215,0.012151526,0.5189264,0.348328667,7.64E-05,1.62E-05,0.999903141,0.002077431,0.94673885,0.029772112,0.457513133,0.406507452,7.28E-05,3.25E-05,0.999847473
1/9/2021 0:00,603.7876211,0.001660712,0.9895297,0.008809588,0.427182872,0.457536003,8.16E-05,1.19E-05,0.999906488,0.001317392,0.97377336,0.015470365,0.594631492,0.424469785,9.60E-05,1.98E-05,0.999869804,0.000854343,0.92641869,0.038859427,0.567256043,0.381197409,7.80E-05,6.60E-05,0.999775429,0.001224154,0.9818124,0.016969807,0.535211311,0.358604515,8.23E-05,1.73E-05,0.99990039,0.000714075,0.9181333,0.019489255,0.479247261,0.403580734,7.02E-05,6.18E-05,0.99977936
1/10/2021 0:00,653.0889819,0.000723162,0.9895831,0.009715533,0.481865914,0.463494085,8.54E-05,1.18E-05,0.999902821,0.000602043,0.987044615,0.008806907,0.649402264,0.434622206,8.28E-05,1.51E-05,0.999893062,0.001062183,0.942997095,0.04158457,0.559391364,0.374914701,9.00E-05,3.99E-05,0.999830765,0.000467857,0.9947818,0.00475046,0.514237116,0.413216181,6.94E-05,1.27E-05,0.999917828,0.000671978,0.9745464,0.00975938,0.424020794,0.413344375,7.25E-05,1.78E-05,0.999896769
1/11/2021 0:00,604.3181242,0.000444881,0.9946432,0.004971246,0.451470097,0.463068154,7.87E-05,1.11E-05,0.999909557,0.001152465,0.84029235,0.029434417,0.638373778,0.429997362,8.52E-05,5.04E-05,0.998595944,0.000565096,0.9936059,0.005629723,0.575443925,0.399122518,7.62E-05,1.36E-05,0.999908225,0.000890677,0.8151847,0.022382861,0.641827606,0.329583668,8.33E-05,7.82E-05,0.998714967,0.001103624,0.95800235,0.016354729,0.463375991,0.425212613,7.27E-05,2.59E-05,0.999874441
1/12/2021 0:00,642.9904903,0.00051416,0.9949815,0.004232847,0.559761864,0.479886109,7.98E-05,1.14E-05,0.999908992,0.0005782,0.992342525,0.006498563,0.584293606,0.431961194,8.43E-05,1.35E-05,0.99989951,0.000839773,0.962491565,0.012629721,0.620144554,0.394039251,8.16E-05,2.62E-05,0.999867344,0.000695512,0.9916101,0.007928721,0.54930155,0.41994855,7.08E-05,1.41E-05,0.99991331,0.000794124,0.97314945,0.016270001,0.479518439,0.406856447,7.81E-05,1.73E-05,0.999896907
1/1/2022 0:00,619.6573863,0.00058037,0.988242225,0.011177367,0.651851404,0.47027018,8.41E-05,1.30E-05,0.999902895,0.001202841,0.92060015,0.015919863,0.624884126,0.426102585,9.03E-05,4.35E-05,0.99975083,0.000777752,0.9855171,0.008667766,0.614597925,0.391670557,7.92E-05,1.51E-05,0.999898903,0.003779189,0.628406195,0.025571621,0.498512056,0.36530438,8.96E-05,9.35E-05,0.948004506,0.000965424,0.97884727,0.02018743,0.39532822,0.402997583,8.01E-05,1.65E-05,0.999894925
1/2/2022 0:00,631.1159859,0.000673676,0.984136685,0.012000385,0.644814999,0.499368147,8.48E-05,1.28E-05,0.999898235,0.001302278,0.911849055,0.029490593,0.649683163,0.409471746,9.27E-05,4.45E-05,0.999725655,0.001901881,0.49197902,0.048768912,0.621690815,0.380799502,0.000101039,9.18E-05,0.536088851,0.000542791,0.9905711,0.008955336,0.4899879,0.390246089,7.47E-05,1.46E-05,0.999911325,0.001015385,0.89428514,0.07855316,0.484784927,0.411654544,7.37E-05,6.05E-05,0.999696511
1/3/2022 0:00,750.6905661,0.000687251,0.9849488,0.013885028,0.64772332,0.481623738,8.30E-05,1.32E-05,0.999898571,0.000889959,0.98210394,0.012536249,0.518932475,0.417877053,8.56E-05,1.59E-05,0.99989228,0.000911662,0.93820575,0.025690993,0.539287035,0.386663776,8.47E-05,4.61E-05,0.999807091,0.00153929,0.093473458,0.043493169,0.524965966,0.375958889,0.000179649,0.00015949,0.016245654,0.002219199,0.4352828,0.034928037,0.486344531,0.399967255,8.96E-05,7.32E-05,0.493598818
1/4/2022 0:00,619.5622628,0.000884829,0.98494434,0.010990956,0.558832442,0.477026476,8.65E-05,1.26E-05,0.999900908,0.00097213,0.9820567,0.010573392,0.5881018,0.435806564,8.57E-05,1.61E-05,0.999883593,0.001221515,0.882335305,0.0488066,0.627233069,0.378660273,9.05E-05,6.68E-05,0.99959798,0.000773194,0.9952175,0.004378676,0.4617785,0.386312458,7.14E-05,1.24E-05,0.99991616,0.000702635,0.9922828,0.007178451,0.500966789,0.399836972,7.24E-05,1.21E-05,0.999914639
1/5/2022 0:00,633.7680565,0.001066672,0.94636369,0.028823045,0.617974179,0.467113631,9.09E-05,3.37E-05,0.99983053,0.00119299,0.8015767,0.029336553,0.541909703,0.419387208,8.53E-05,5.42E-05,0.998435731,0.001277002,0.906042025,0.021463681,0.630124622,0.379905692,9.16E-05,4.02E-05,0.999644827,0.030548566,0.296928775,0.176156175,0.463992564,0.273928104,0.000469616,0.002327639,0.060825757,0.00064473,0.99032956,0.008115471,0.516887447,0.408165925,7.65E-05,1.18E-05,0.999911364
1/6/2022 0:00,775.2458359,0.002958795,0.27307355,0.20321034,0.740910835,0.443345387,0.000198812,0.000958251,0.012350656,0.000881083,0.977026,0.015841011,0.577323153,0.423315745,9.09E-05,1.84E-05,0.99987483,0.000986639,0.9704839,0.013524316,0.548865977,0.389918662,8.07E-05,2.28E-05,0.999876248,0.000478891,0.9928747,0.006476225,0.489788513,0.383169721,6.97E-05,1.35E-05,0.999915832,0.000754022,0.726522685,0.013819696,0.523062998,0.416061488,7.93E-05,3.31E-05,0.715559307
1/7/2022 0:00,744.5450827,0.000610417,0.97983602,0.019567607,0.62951711,0.480543836,8.20E-05,1.51E-05,0.999893464,0.003222467,0.7501772,0.020639088,0.654441167,0.415044299,0.000111452,5.11E-05,0.996847758,0.001187997,0.91800405,0.028284795,0.61089385,0.376391314,8.83E-05,5.81E-05,0.999751988,0.001382572,0.691304,0.028193256,0.559628455,0.356300635,7.35E-05,5.49E-05,0.989068246,0.001160747,0.96926624,0.023890859,0.481043929,0.399629904,9.10E-05,1.91E-05,0.999889579
1/8/2022 0:00,657.0983466,0.001234722,0.94291824,0.003958161,0.591206798,0.476980555,7.72E-05,3.22E-05,0.999828205,0.001024812,0.97242813,0.021542438,0.567701315,0.422159627,8.46E-05,2.07E-05,0.999870201,0.001214839,0.9571389,0.021491857,0.617499014,0.385047011,8.50E-05,3.21E-05,0.999858877,0.000566287,0.99161434,0.007951751,0.512238061,0.38207942,7.08E-05,1.41E-05,0.999915577,0.000676036,0.98422235,0.009418926,0.515045338,0.40393287,7.59E-05,1.32E-05,0.99991112
1/9/2022 0:00,775.7935727,0.001011565,0.92202615,0.03654534,0.532238259,0.453537024,8.85E-05,3.71E-05,0.99975124,0.00155951,0.877415,0.033840533,0.555852167,0.413827684,9.54E-05,5.65E-05,0.999577283,0.001688976,0.89159505,0.016441955,0.589885299,0.38123285,0.000109471,6.02E-05,0.999653294,0.001582707,0.93067715,0.06348083,0.509271821,0.313937119,9.20E-05,5.93E-05,0.999790879,0.001415987,0.8926623,0.033432673,0.482911417,0.401485496,7.30E-05,7.84E-05,0.99967612
1/10/2022 0:00,808.0819346,0.000481923,0.9901429,0.006327751,0.646187288,0.491776237,7.84E-05,1.21E-05,0.999905816,0.000869583,0.9656008,0.019873297,0.572432539,0.422867333,8.70E-05,2.25E-05,0.999868457,0.001195948,0.69885778,0.015434254,0.591142063,0.396183463,8.42E-05,5.09E-05,0.974533012,0.001129356,0.86397122,0.018105717,0.498518157,0.370863788,8.80E-05,4.76E-05,0.998640602,0.001912804,0.9401171,0.034712203,0.51251461,0.394183012,8.78E-05,3.88E-05,0.999836398
1/11/2022 0:00,729.7501115,0.001800608,0.8692239,0.06776029,0.582320174,0.422701348,0.000209784,8.45E-05,0.999520081,0.001319092,0.896658595,0.02560162,0.587897534,0.42116149,9.15E-05,4.88E-05,0.999660775,0.000972047,0.94104597,0.018591767,0.5906767,0.384787692,7.93E-05,4.34E-05,0.999814761,0.000783949,0.9774093,0.013216388,0.464937851,0.385610788,7.08E-05,1.90E-05,0.999893325,0.000831802,0.96910757,0.013700352,0.458093371,0.411925116,7.33E-05,1.96E-05,0.999886012
1/12/2022 0:00,,0.000961896,0.96796525,0.018219655,0.626235002,0.489339697,7.79E-05,1.94E-05,0.999867768,0.001063257,0.9638191,0.021288542,0.610565039,0.424007938,9.30E-05,2.49E-05,0.999858581,0.001314981,0.893161505,0.026143541,0.637280731,0.380841141,8.81E-05,6.34E-05,0.999663564,0.000740604,0.9889139,0.010345407,0.533680814,0.367391243,7.31E-05,1.53E-05,0.999908784,0.000782198,0.98437312,0.013817055,0.51585083,0.410282419,7.52E-05,1.36E-05,0.99990762
1/1/2023 0:00,,0.000893731,0.9178638,0.010232437,0.629986965,0.50154739,8.11E-05,4.25E-05,0.999761391,0.00119889,0.95083266,0.017087894,0.603890997,0.420261704,9.03E-05,3.13E-05,0.999836179,0.001008193,0.966706455,0.011266776,0.614297698,0.383942576,8.07E-05,2.41E-05,0.999876435,0.000833405,0.9582113,0.016579973,0.511069162,0.364656185,7.85E-05,2.75E-05,0.999857486,0.001604976,0.198079128,0.029666078,0.510391288,0.405450449,7.80E-05,7.07E-05,0.010284831
1/2/2023 0:00,,0.000698906,0.9919348,0.007280459,0.597483741,0.493773864,7.86E-05,1.14E-05,0.999908684,0.001119612,0.96476145,0.015446354,0.634499838,0.42056678,9.04E-05,2.42E-05,0.99985688,0.001604592,0.30748624,0.025363425,0.595233293,0.379078876,8.68E-05,6.59E-05,0.088659398,0.000717356,0.99029037,0.007596265,0.596804185,0.394077851,7.14E-05,1.39E-05,0.999911679,0.00135231,0.78476685,0.026206806,0.470395601,0.402342871,8.60E-05,5.08E-05,0.99808
1/3/2023 0:00,,0.000528214,0.99299458,0.006540213,0.612643924,0.490820517,8.05E-05,1.16E-05,0.99990697,0.001033424,0.94976103,0.01707377,0.597934845,0.4206231,8.80E-05,3.28E-05,0.999837007,0.001477495,0.93781935,0.016957767,0.600826143,0.380020486,9.20E-05,4.57E-05,0.999822596,0.000588805,0.98939395,0.009530709,0.5103886,0.378249766,7.31E-05,1.48E-05,0.999909297,0.000923822,0.9777761,0.017087689,0.478701902,0.408435783,7.49E-05,1.53E-05,0.999901189
1/4/2023 0:00,,0.00086838,0.930201,0.015099332,0.552913452,0.473342031,9.79E-05,3.77E-05,0.999785103,0.001074554,0.9520183,0.015511131,0.577971018,0.424772699,9.21E-05,3.08E-05,0.999839576,0.001225898,0.9301904,0.017137775,0.605643774,0.384998988,8.60E-05,4.80E-05,0.999804989,0.001138796,0.9398283,0.018945614,0.536490671,0.374189887,8.00E-05,4.46E-05,0.999832721,0.000933492,0.91704837,0.012446011,0.506643279,0.411580313,7.41E-05,4.63E-05,0.999778313
1/5/2023 0:00,,0.000674926,0.984992,0.013638671,0.692888203,0.47837816,8.27E-05,1.22E-05,0.999898972,0.000931436,0.96978426,0.016245322,0.642172075,0.427185038,8.66E-05,2.14E-05,0.999872087,0.001317331,0.9010029,0.016777662,0.606024212,0.380179439,8.55E-05,5.05E-05,0.999682615,0.001493386,0.573794865,0.073203493,0.619925229,0.344619734,8.38E-05,0.000224926,0.832941964,0.001367582,0.90405703,0.022344632,0.480882801,0.405921418,8.77E-05,4.90E-05,0.999708363
1/6/2023 0:00,,0.000650912,0.98094045,0.011396815,0.586645858,0.471688343,7.94E-05,1.43E-05,0.999894304,0.001187724,0.92854673,0.02007541,0.615172183,0.42219114,8.96E-05,4.36E-05,0.999769009,0.001434787,0.87492204,0.020461919,0.596138085,0.380583555,8.98E-05,5.56E-05,0.999537756,0.000969234,0.9743358,0.013158322,0.549866549,0.385475301,7.68E-05,1.97E-05,0.999884216,0.00175141,0.87558955,0.022800159,0.504380977,0.400891267,0.000100535,4.97E-05,0.999617135
1/7/2023 0:00,,0.000718589,0.97485095,0.011771372,0.569372932,0.483313202,8.25E-05,1.78E-05,0.999880427,0.001179715,0.84975198,0.019344263,0.583290776,0.420649978,9.12E-05,4.85E-05,0.999330403,0.00160284,0.88043714,0.024904402,0.616740219,0.378973604,8.54E-05,5.52E-05,0.999572599,0.00073614,0.9858236,0.009391537,0.613907806,0.372015258,7.43E-05,1.68E-05,0.999906016,0.001304567,0.84803265,0.015590795,0.486066319,0.40043967,7.53E-05,5.37E-05,0.999393736
1/8/2023 0:00,,0.001160857,0.9457089,0.012562753,0.54531942,0.468911261,8.44E-05,3.20E-05,0.999840116,0.001614896,0.9137234,0.020258142,0.543602957,0.412111698,9.84E-05,4.57E-05,0.999724348,0.0010453,0.94720787,0.015708853,0.598814241,0.381638749,8.15E-05,3.82E-05,0.999838653,0.000955733,0.97040665,0.012992242,0.64673288,0.359296108,7.58E-05,2.42E-05,0.999886583,0.000953141,0.9690374,0.012414022,0.499912352,0.395322276,7.83E-05,1.85E-05,0.999888962
