Date,Order,Num-Forecast,neg_ASEAN,pos_ASEAN,neu_ASEAN,Topic_probability_ASEAN,Topic-wise_Values_ASEAN,tsf_lr_neg_ASEAN,tsf_lr_neu_ASEAN,tsf_lr_pos_ASEAN,neg_technology,pos_technology,neu_technology,Topic_probability_technology,Topic-wise_Values_technology,tsf_lr_neg_technology,tsf_lr_neu_technology,tsf_lr_pos_technology,neg_fuel,pos_fuel,neu_fuel,Topic_probability_fuel,Topic-wise_Values_fuel,tsf_lr_neg_fuel,tsf_lr_neu_fuel,tsf_lr_pos_fuel,neg_stock,pos_stock,neu_stock,Topic_probability_stock,Topic-wise_Values_stock,tsf_lr_neg_stock,tsf_lr_neu_stock,tsf_lr_pos_stock,neg_market,pos_market,neu_market,Topic_probability_market,Topic-wise_Values_market,tsf_lr_neg_market,tsf_lr_neu_market,tsf_lr_pos_market,neg_Equipment,pos_Equipment,neu_Equipment,Topic_probability_Equipment,Topic-wise_Values_Equipment,tsf_lr_neg_Equipment,tsf_lr_neu_Equipment,tsf_lr_pos_Equipment
2018-04,589.0154684,583.28,0.25961417,0.58011645,0.012000131,0.563984454,0.19544178,0.000504044,0.000137936,0.947606418,0.177029965,0.64829144,0.021677989,0.753699989,0.195205392,0.00016476,4.55E-05,0.990867611,0.25335965,0.71051178,0.011231549,0.625875622,0.163732996,0.000402587,0.000121474,0.99902462,0.14944063,0.6803195,0.019107735,0.601870239,0.096173435,0.000132416,0.000148778,0.997644716,0.04401282,0.4105078,0.01896665,0.649712563,0.140770135,8.22E-05,0.002219344,0.061407535,0.24753948,0.74428767,0.008172947,0.497763604,0.236371774,0.000323852,0.000118552,0.999557595
2018-05,629.2358511,622.86,0.21367781,0.419367835,0.015526235,0.617133141,0.193124752,0.000409294,0.000186621,0.182130557,0.12166572,0.7662574,0.018861452,0.672654033,0.185802566,3.88E-05,5.16E-05,0.999750551,0.23248643,0.4792951,0.012546924,0.645813465,0.212642692,0.000367861,5.50E-05,0.675946025,0.10333705,0.258055455,0.032796031,0.632486344,0.133566138,0.000333856,0.000429362,0.000822289,0.17320487,0.6806546,0.014799322,0.677433252,0.126945878,0.000164505,0.0001105,0.996912354,0.19807678,0.12779745,0.67412573,0.67531842,0.192814004,0.004563639,0.994954247,0.000482114
2018-06,608.5117502,601.85,0.15655187,0.7824814,0.011096682,0.68901509,0.197465059,2.90E-05,5.10E-05,0.999843544,0.18609983,0.751085675,0.011554015,0.721354902,0.161332913,0.000138156,5.89E-05,0.999452324,0.14146,0.16750082,0.013331723,0.623244345,0.26310882,2.75E-05,2.29E-05,2.68E-05,0.1144489,0.631172125,0.032254079,0.50907296,0.149714491,4.60E-05,0.000160445,0.975090239,0.32415903,0.66684216,0.008998836,0.688644409,0.050664888,0.004316616,0.000441502,0.995241883,,,,,,,,
2018-07,572.9104906,567.52,0.080733545,0.493264795,0.014657792,0.63297996,0.246874341,3.50E-05,0.000153104,0.473388338,0.13054506,0.79934111,0.01481488,0.864326209,0.173792943,3.54E-05,3.86E-05,0.999856645,0.089979965,0.76349,0.027188162,0.77876848,0.292765536,1.48E-05,1.75E-05,0.998989987,0.33867258,0.19299747,0.013716458,0.615159154,0.134464529,0.0054172,8.09E-05,6.84E-05,0.62047575,0.34609455,0.008699608,0.686592817,0.079867696,0.976418389,0.000441336,0.010775005,,,,,,,,
2018-08,586.5510618,579.05,0.103932475,0.70118795,0.018148449,0.680719048,0.248372607,6.64E-05,3.42E-05,0.998405349,0.16695724,0.70867705,0.01172582,0.76690042,0.13336566,0.000379667,9.73E-05,0.998632869,0.10570205,0.42065987,0.100572984,0.606827915,0.219702136,3.56E-05,0.001055148,0.218204875,0.22958343,0.4636043,0.013017381,0.707855344,0.098077894,0.000310843,0.000315485,0.305734552,0.07954987,0.8809158,0.039534323,0.722643673,0.19367325,2.92E-06,1.64E-05,0.999980663,0.123467974,0.862464,0.01406806,0.633350611,0.275842276,6.86E-06,1.85E-05,0.999974597
2018-09,620.4658036,612.18,0.16094705,0.48203936,0.019769434,0.622547269,0.181149169,0.000257978,0.000425743,0.384275477,0.084467115,0.474637635,0.035440716,0.730002731,0.165568042,0.000632724,0.000425162,0.508986394,0.3442619,0.53956,0.020829955,0.640044928,0.201782661,0.046087752,9.21E-05,0.943632633,0.09778379,0.77081615,0.011456284,0.633811891,0.147825381,2.37E-05,7.27E-05,0.999798902,0.318097575,0.67369195,0.0085717,0.785780609,0.112315567,0.005727293,6.63E-05,0.993816516,,,,,,,,
2018-10,690.7198753,682.03,0.11810467,0.6232322,0.01581075,0.68487376,0.236416356,4.16E-05,5.06E-05,0.982766417,0.28822121,0.4380912,0.01225611,0.781058729,0.141700819,0.010748356,0.000124048,0.215777211,0.05317718,0.6741851,0.022086231,0.619723022,0.286049135,2.45E-05,4.83E-05,0.996914684,0.062074344,0.15693427,0.062950631,0.792575986,0.140052026,0.00010896,0.004466907,0.003890383,0.102700782,0.86867253,0.021695008,0.836476922,0.147756448,5.90E-06,1.59E-05,0.99997825,,,,,,,,
2018-11,665.0212089,654.41,0.12166737,0.75627928,0.014171623,0.589865447,0.214372797,4.64E-05,4.99E-05,0.999600238,0.19683887,0.72530764,0.009945004,0.598021418,0.178380798,0.000269971,5.73E-05,0.999195078,0.08254374,0.82441294,0.014600308,0.65072149,0.245643553,2.47E-05,3.08E-05,0.999944533,0.15623364,0.7331621,0.023502231,0.764389396,0.066719064,0.000234359,0.000140126,0.999492662,0.070597178,0.7118574,0.012900534,0.803468496,0.225373219,2.84E-05,0.000451908,0.992943762,,,,,,,,
2018-12,555.6764161,546.35,0.127134635,0.6805756,0.02060499,0.770723045,0.233231959,8.10E-05,0.000195817,0.997050161,0.075304285,0.76642895,0.01793462,0.684754879,0.175507805,3.93E-05,4.72E-05,0.99956829,0.148779045,0.81935738,0.022575178,0.674949408,0.209934803,2.99E-05,3.38E-05,0.999936286,0.09283041,0.7227088,0.025794636,0.636185408,0.146997506,2.34E-05,0.000156032,0.999219596,0.055390188,0.690927335,0.015283587,0.741312534,0.13780701,4.64E-05,0.000291162,0.997291008,,,,,,,,
2019-01,577.933195,571.21,0.10283719,0.67386432,0.020045593,0.582741261,0.218887472,3.35E-05,5.22E-05,0.99642875,0.12551975,0.7643492,0.015689528,0.700946927,0.183553693,3.85E-05,4.05E-05,0.999723809,0.11732416,0.6956297,0.015209836,0.653706014,0.199158486,4.42E-05,0.000353153,0.99891625,0.18935801,0.6187173,0.014095657,0.698338985,0.107526433,0.000187907,0.000210192,0.981162363,0.162170225,0.555057875,0.018853583,0.756572753,0.126527406,0.000426527,0.0002067,0.838967251,0.12497171,0.86183876,0.013189707,0.326037556,0.249007061,7.30E-06,1.78E-05,0.999974895
2019-02,504.0252238,497.61,0.15895868,0.7711213,0.012886862,0.667689175,0.230432357,3.94E-05,4.26E-05,0.999686734,0.10292013,0.49897465,0.015325285,0.766163528,0.183956203,6.74E-05,2.58E-05,0.659808285,0.207992,0.6384315,0.011613308,0.662088335,0.181718716,0.000252971,0.00023794,0.990205262,0.18472928,0.5544332,0.017257692,0.826735676,0.124308108,5.15E-05,0.000287223,0.924317972,0.181555871,0.348493995,0.0145651,0.700675279,0.226814652,0.002137574,0.000216944,0.021976725,,,,,,,,
2019-03,619.0566381,609.69,0.12771914,0.6193884,0.015872784,0.600474447,0.231910193,0.000181773,2.64E-05,0.966170443,0.14542033,0.74809778,0.014374509,0.752065659,0.13295421,8.80E-05,9.39E-05,0.999579251,0.245265025,0.654966175,0.01887573,0.662373811,0.22007129,0.000428587,7.59E-05,0.994465035,0.18071021,0.33860512,0.017654482,0.732250005,0.106267329,0.000369718,0.000510279,0.011205247,0.08419136,0.9041597,0.012986991,0.848830044,0.21706359,2.09E-06,8.49E-06,0.999989426,,,,,,,,
2019-04,589.2098267,581.02,0.23413052,0.7274307,0.008700417,0.569551438,0.183570115,0.000383337,0.000102324,0.999249913,0.17327957,0.6012435,0.016065285,0.719980121,0.171804728,0.000127498,7.44E-05,0.96679677,0.124335332,0.7734401,0.013444995,0.585122288,0.194679331,5.24E-05,7.87E-05,0.999746928,0.15579963,0.5702624,0.014294683,0.587839603,0.11886432,0.00024175,0.000383027,0.9232528,0.24793651,0.58058361,0.011755923,0.636885673,0.094824172,0.003145476,0.000118409,0.730300074,,,,,,,,
2019-05,567.4572794,560.8,0.115964845,0.50303672,0.019597431,0.632475883,0.241430274,5.12E-05,9.38E-05,0.581680717,0.152598255,0.636053505,0.015483099,0.750383616,0.143851664,0.000226749,0.00018232,0.990198266,0.12513433,0.6924516,0.015278091,0.65872556,0.221279845,0.000128449,6.50E-05,0.998058877,0.16050392,0.63094157,0.015814723,0.637244523,0.123454368,8.96E-05,0.000109562,0.982614185,0.26490957,0.347749145,0.014791776,0.715946823,0.127818562,0.003170011,0.000498869,0.019072875,0.19807678,0.57675767,0.013189707,0.46015957,0.192814004,0.004563639,0.002005522,0.931678132
2019-06,518.9057302,513.18,0.27184615,0.398697,0.013169589,0.640807867,0.190708696,0.00085851,0.000245298,0.040983522,0.097377328,0.7584326,0.018112812,0.84867543,0.153775128,4.64E-05,7.66E-05,0.99967604,0.17899324,0.5847125,0.014230787,0.601937383,0.201886494,0.000107105,0.000160161,0.938424401,0.08378642,0.51338565,0.04986828,0.530558646,0.153174342,3.69E-05,0.000151126,0.674413134,0.20152343,0.64176053,0.013190174,0.647652835,0.110559644,0.002252654,0.000235481,0.987148686,,,,,,,,
2019-07,568.7577495,562.56,0.08600482,0.669275025,0.014113101,0.719973177,0.2401339,3.16E-05,0.000528429,0.975779042,0.20887974,0.33738136,0.023355627,0.710885108,0.183868409,0.000343562,0.000223217,0.005980548,0.12005305,0.7321652,0.018407336,0.731393933,0.166472564,0.000256949,0.000172021,0.999436801,0.074502105,0.228683535,0.203037285,0.748021603,0.08398655,0.00015249,0.003580578,0.00122836,0.2226541,0.64607006,0.009441472,0.58728832,0.120149339,0.002675227,0.000626543,0.991389599,,,,,,,,
2019-08,517.4997877,510.03,0.09775894,0.5529273,0.022562753,0.568580508,0.200983081,3.00E-05,0.000190683,0.868660222,0.11192867,0.83735645,0.015323574,0.688671827,0.183674801,1.07E-05,2.67E-05,0.999955106,0.06303459,0.86459076,0.027377341,0.672391236,0.272338013,4.74E-06,2.17E-05,0.99995519,0.17373373,0.38286778,0.013604267,0.758990109,0.099851541,0.000197412,0.000115993,0.030298543,0.14753975,0.57287541,0.018682567,0.594478935,0.103541515,0.000445302,0.000836186,0.906870954,,,,,,,,
2019-09,566.8298767,559.38,0.145055875,0.75081685,0.013614752,0.628092468,0.232339199,9.35E-05,8.43E-05,0.999628264,0.21749257,0.74243784,0.010819189,0.581611216,0.130403976,0.000232553,9.44E-05,0.999524603,0.13404635,0.75854343,0.012468794,0.635370493,0.201422908,5.23E-05,7.91E-05,0.999713151,0.23986118,0.3674625,0.025115563,0.705092788,0.109821976,0.003378843,0.000103208,0.018161175,0.2642126,0.22760983,0.019405097,0.657703638,0.129356697,0.0007415,0.000144199,0.000189997,,,,,,,,
2019-10,630.52266,622.23,0.07700223,0.6271267,0.018569272,0.63302809,0.261608539,2.96E-05,6.31E-05,0.985336599,0.16564548,0.808119975,0.013111564,0.761990965,0.185098356,2.80E-05,2.73E-05,0.999903409,0.12462397,0.84874285,0.013299199,0.620954782,0.226098126,1.12E-05,2.10E-05,0.999967846,0.14511699,0.552758425,0.013531152,0.750311136,0.079115908,0.000269662,0.000141133,0.870008744,0.28543326,0.6277741,0.011254866,0.645940781,0.161511243,0.001247787,6.64E-05,0.985460508,,,,,,,,
2019-11,521.4572965,514.76,0.1389271,0.7192697,0.01588037,0.69794935,0.231198002,4.29E-05,0.000166034,0.999099815,0.20736706,0.751458225,0.013224596,0.751575649,0.162275361,0.000101918,6.58E-05,0.99955773,0.072061815,0.87374025,0.014531171,0.703503251,0.268760289,4.68E-06,1.43E-05,0.999980982,0.18924913,0.42571232,0.024814239,0.682963371,0.110303735,0.000490872,0.001208346,0.123482091,0.21327753,0.4649333,0.015523607,0.819130838,0.119241086,0.00012497,9.24E-05,0.259734413,,,,,,,,
2019-12,508.5262445,501.2,0.24024211,0.39719442,0.019746538,0.642226517,0.200983081,0.000441043,8.84E-05,0.054001799,0.106290345,0.68125105,0.015006783,0.657322377,0.185833331,8.74E-05,5.29E-05,0.997387922,0.123650103,0.733353525,0.017739572,0.621028394,0.1750067,7.69E-05,0.000125847,0.999381176,0.1370278,0.531354475,0.04034776,0.72304526,0.129620295,3.18E-05,0.000117618,0.676852149,0.23712184,0.43754795,0.013899177,0.718097538,0.132756458,0.00320752,0.000121232,0.136998476,,,,,,,,
2020-01,546.9969523,540.03,0.15738029,0.6401802,0.013592869,0.611441612,0.217619179,0.000207272,3.25E-05,0.987574441,0.13498129,0.55327748,0.014706302,0.648773343,0.167430039,0.000319415,0.000106261,0.894755547,0.15852672,0.71761495,0.015209836,0.685464084,0.190387185,0.000175096,8.82E-05,0.999311072,0.15982407,0.46332303,0.016278984,0.749967277,0.126064141,0.000148173,0.000169855,0.581895157,0.19656971,0.60503346,0.01472803,0.799016535,0.13128517,0.00027124,0.000142124,0.972732518,0.49435177,0.4805752,0.009783817,0.542988181,0.207683677,0.480079291,0.00013189,0.389197028
2020-02,430.1121784,424.48,0.117640843,0.33065815,0.025639779,0.640232951,0.229296796,8.31E-05,0.000203102,0.012196574,0.14352096,0.61918277,0.018506613,0.698134035,0.168648046,0.000270813,0.000110046,0.980611231,0.178705075,0.703698025,0.017755079,0.731991112,0.175389213,0.000133221,0.000175725,0.998075844,0.169441215,0.7131202,0.014511212,0.754686624,0.126232827,3.50E-05,5.87E-05,0.998881397,0.2021401,0.55990314,0.014011076,0.801775575,0.150959307,0.000253018,8.61E-05,0.900862366,0.6077526,0.36801094,0.009583716,0.529883802,0.175424467,0.971023464,0.001576657,0.017149079
2020-03,475.6312679,468.51,0.08901459,0.65047435,0.02195907,0.545994163,0.201083251,2.76E-05,0.000173595,0.986525158,0.152098635,0.6169191,0.011211695,0.741739392,0.16767072,0.000164307,0.000174372,0.977158865,0.152965305,0.676260925,0.013260391,0.599717915,0.215760599,9.57E-05,9.54E-05,0.996843323,0.15982407,0.7041716,0.014637533,0.743566453,0.118677316,4.17E-05,9.56E-05,0.99905965,0.149617513,0.68069965,0.014695991,0.666037947,0.127095069,0.000273439,0.000157637,0.994454063,,,,,,,,
2020-04,616.3756139,609.39,0.1496473,0.71319103,0.013226475,0.57767868,0.195917528,2.29E-05,6.45E-05,0.998126206,0.17380725,0.738038,0.011541365,0.675617099,0.165752166,0.00033251,2.48E-05,0.999470712,0.096640555,0.66195392,0.014399772,0.627640516,0.211801676,6.86E-05,0.000306546,0.99374867,0.2526699,0.4078126,0.013306256,0.798073411,0.07816842,0.00135692,0.000289297,0.063907253,0.150001766,0.23585359,0.025136195,0.586686641,0.212940963,0.000158934,0.0001212,0.004275716,0.12497171,0.86183876,0.013189707,0.326037556,0.249007061,7.30E-06,1.78E-05,0.999974895
2020-05,524.2169549,518.56,0.18074142,0.52763875,0.013687723,0.640784145,0.233438767,0.000195982,5.08E-05,0.703979037,0.16317713,0.6115787,0.013285238,0.695017695,0.123677727,0.000527827,0.000278866,0.974393106,0.1303226,0.726131,0.015316321,0.633229196,0.208484717,4.70E-05,8.04E-05,0.998782857,0.13602976,0.52488628,0.023196702,0.794230372,0.118824187,0.000124932,0.000161011,0.854083271,0.13045628,0.62309563,0.01472803,0.792819977,0.160882825,6.24E-05,0.000143346,0.982479775,,,,,,,,
2020-06,585.0344164,576.19,0.14710732,0.7742186,0.014656908,0.557838232,0.221446312,4.10E-05,6.85E-05,0.999744506,0.14131796,0.5513656,0.013452981,0.738926888,0.170397863,3.27E-05,4.54E-05,0.875949011,0.17210388,0.75390404,0.015020478,0.647274911,0.21953813,3.32E-05,4.26E-05,0.999661065,0.09620318,0.567555675,0.017539915,0.747745127,0.139740728,3.30E-05,9.56E-05,0.932353598,0.228751485,0.46865073,0.010746327,0.873036415,0.129495192,0.000208271,9.13E-05,0.301949253,,,,,,,,
2020-07,585.5887177,577.72,0.060619512,0.09445941,0.4504239,0.622302413,0.262244135,4.85E-05,0.440656256,2.18E-05,0.178623535,0.736631075,0.010659273,0.716749222,0.140769084,7.96E-05,9.46E-05,0.999203457,0.08701406,0.80926232,0.014123894,0.652814478,0.271103708,2.12E-05,2.23E-05,0.999906301,0.107787654,0.50134975,0.027526265,0.739404738,0.130551822,5.98E-05,0.000210192,0.563603684,0.16497141,0.7948486,0.024325155,0.852143824,0.1173737,6.97E-05,5.26E-05,0.999877725,0.09284975,0.89411885,0.013031243,0.416895151,0.307564605,2.46E-06,9.92E-06,0.999987621
2020-08,599.7100724,589.9,0.14363082,0.63353866,0.01436801,0.622231841,0.195887165,0.000216057,5.49E-05,0.995707681,0.090653933,0.6115787,0.017588632,0.668218345,0.200399797,9.27E-05,0.000331573,0.974393106,0.109600306,0.8462524,0.025054395,0.639438868,0.245269357,7.32E-06,2.68E-05,0.999964657,0.10410589,0.48142242,0.01814665,0.772665799,0.147789176,5.22E-05,0.00010063,0.406294952,0.20756818,0.624695,0.013089722,0.808463514,0.124886765,0.000110835,0.000143346,0.982479775,,,,,,,,
2020-09,596.0852742,585.03,0.06265261,0.23327982,0.05277679,0.738411546,0.24595926,0.000197447,0.000190683,0.00177209,0.18742111,0.6765099,0.016936565,0.769893348,0.15734115,0.000364739,7.06E-05,0.996631953,0.17595693,0.766302035,0.015469074,0.648581088,0.204564069,9.45E-05,7.41E-05,0.999766687,0.2098849,0.3454287,0.014450156,0.645727396,0.11065383,0.000632106,0.00013752,0.018161175,0.08593875,0.8425423,0.029458223,0.853723764,0.155814706,6.39E-06,3.59E-05,0.999953237,,,,,,,,
2020-10,540.2587132,531.3,0.0886656,0.7958653,0.016481189,0.7144382,0.223358494,1.51E-05,4.49E-05,0.99989036,0.20994908,0.7006039,0.01392637,0.695706606,0.138177552,0.000434131,0.000151255,0.99836656,0.14233664,0.761576885,0.014328512,0.666408748,0.214726078,6.86E-05,5.38E-05,0.999705455,0.13670766,0.47826132,0.021447869,0.747093797,0.141350688,6.85E-05,0.000163332,0.400590376,0.71807275,0.24136655,0.024129003,0.728581518,0.136673083,0.998923165,0.000113268,0.00033054,0.81568706,0.17712696,0.007186139,0.452673316,0.266931499,0.999896335,6.65E-05,3.72E-05
2020-11,478.1792523,470.89,0.194830335,0.634620025,0.020829727,0.635457546,0.161802523,0.000313197,0.000585169,0.979491297,0.16266748,0.6810849,0.016648462,0.684907258,0.165022295,0.000199054,0.000132673,0.997039108,0.13342266,0.8184327,0.015903162,0.628971219,0.241007481,2.37E-05,2.65E-05,0.999934944,0.18122317,0.6827601,0.019723225,0.792911828,0.089520424,6.56E-05,0.000103498,0.998076167,0.13432407,0.60523546,0.012121864,0.727442086,0.112086021,0.000277939,0.0001933,0.984172838,,,,,,,,
2020-12,505.2890324,495.27,0.18366073,0.62608486,0.012639025,0.563489676,0.215943692,7.83E-05,4.66E-05,0.986433529,0.14882813,0.6260115,0.016901195,0.673196018,0.135217811,0.000443904,0.000132673,0.980195694,0.11926832,0.67011322,0.02033544,0.637453139,0.189377514,0.000133391,0.000138817,0.995938705,0.18264121,0.5199322,0.013419741,0.762418449,0.107111606,0.00022912,0.000171546,0.710276009,0.141607625,0.62648219,0.014545866,0.795412511,0.077843298,0.000310236,0.000695054,0.988032966,,,,,,,,
2021-01,512.2768875,505.11,0.236646545,0.622281075,0.013774079,0.588728577,0.212078486,0.000453865,5.46E-05,0.982073812,0.185607795,0.526795635,0.013282876,0.664958984,0.154625517,0.000250892,0.000111713,0.650046537,0.10463651,0.75761265,0.017013315,0.649987817,0.245136507,2.60E-05,3.69E-05,0.999707948,0.172593705,0.56652075,0.014414504,0.846792519,0.105656626,0.000128662,0.000180226,0.924447403,0.26023054,0.6687139,0.01734907,0.784466982,0.152722155,0.000705633,6.18E-05,0.995012883,0.086997166,0.89687573,0.016127166,0.372481138,0.284036855,4.00E-06,1.19E-05,0.999984151
2021-02,528.7909221,521.42,0.07804234,0.6079721,0.02450112,0.556722939,0.223318097,4.25E-05,0.000149973,0.978098625,0.26548955,0.6700964,0.011427716,0.632171988,0.128700454,0.000598994,0.000103625,0.995805774,0.14354718,0.8118524,0.012916733,0.692827761,0.234951868,3.71E-05,2.90E-05,0.999923839,0.16874218,0.42126715,0.016646378,0.840009153,0.113697073,7.40E-05,0.000226061,0.283489705,0.15881253,0.68912944,0.011143672,0.743730843,0.155744911,0.00014807,0.000101869,0.99481825,,,,,,,,
2021-03,527.2156543,519.56,0.3315613,0.4221055,0.03485566,0.613818526,0.170379049,0.021389811,0.000395059,0.24334374,0.16365086,0.71199228,0.014766502,0.716468334,0.161165471,0.00010367,5.83E-05,0.99905825,0.12779538,0.80617105,0.012812906,0.651267439,0.242685536,2.81E-05,2.60E-05,0.999894337,0.13946356,0.48233056,0.018244686,0.766155094,0.150694268,5.25E-05,5.34E-05,0.44383235,0.10379431,0.65076786,0.011648908,0.706257761,0.175225928,0.00011505,5.11E-05,0.992081277,0.55309695,0.054084517,0.39281854,0.368013978,0.107064689,0.916723291,0.083107445,0.000169265
2021-04,568.2280569,559.23,0.06735148,0.789395085,0.020235134,0.531593978,0.237196431,2.59E-05,6.57E-05,0.99986823,0.16486636,0.71331906,0.012591396,0.644125819,0.155683493,4.61E-05,4.80E-05,0.998915169,0.15745566,0.740805,0.010445357,0.612104535,0.17478135,0.000223055,0.000123469,0.999509888,0.17605257,0.44278529,0.015165281,0.730490268,0.09044718,8.55E-05,0.000274724,0.466535197,0.10118422,0.7060389,0.023434374,0.690018356,0.178154631,3.65E-05,7.12E-05,0.998825636,,,,,,,,
2021-05,630.3448146,621.21,0.10288495,0.5662997,0.020160051,0.517852008,0.189983524,5.27E-05,0.000226069,0.905281436,0.135869155,0.49393449,0.013269003,0.689342589,0.155324393,0.000142601,0.000116988,0.555993821,0.15301956,0.7536569,0.013773098,0.614677668,0.222512273,4.45E-05,4.61E-05,0.999667855,0.14913644,0.5173564,0.016340679,0.752604306,0.109131276,0.000160305,0.000184458,0.710276009,0.17829614,0.5896134,0.014915993,0.801489979,0.146358102,0.000235636,9.76E-05,0.953016593,0.402986335,0.57077618,0.009248692,0.482562945,0.19388539,0.458568883,0.000105227,0.528267123
2021-06,561.3762161,554.48,0.298882765,0.357742845,0.013271844,0.538756609,0.214717117,0.010623693,5.94E-05,0.019809069,0.18573692,0.50146514,0.016523557,0.704360962,0.150786223,0.00030182,0.000113656,0.800799618,0.14868414,0.7075482,0.014950913,0.676516891,0.227768725,3.98E-05,4.28E-05,0.997847129,0.11943692,0.524505195,0.020310346,0.722159505,0.122430208,9.66E-05,0.000147242,0.7346157,0.15102191,0.7900551,0.013375265,0.745222986,0.171768715,5.61E-05,2.76E-05,0.999862901,,,,,,,,
2021-07,746.8983236,735.02,0.09224629,0.5723473,0.014943871,0.612863481,0.22175478,4.65E-05,0.00014632,0.920491483,0.17813236,0.45904967,0.016367756,0.704694808,0.20077909,7.50E-05,5.79E-05,0.349157793,0.12071483,0.7782039,0.013888484,0.581528306,0.236581351,2.70E-05,2.86E-05,0.999798683,0.14085492,0.406315935,0.024771689,0.743629039,0.142420216,7.64E-05,0.000336443,0.064695164,0.19769101,0.53664865,0.016576408,0.722469777,0.13859608,0.000126696,6.90E-05,0.813764954,0.34212244,0.21727394,0.026441574,0.547936082,0.207683677,0.009077573,0.00097903,0.000133342
2021-08,600.1224048,591.84,0.11221699,0.58300155,0.020160051,0.610031486,0.195424198,0.000188864,0.000453196,0.942862835,0.173614605,0.6664951,0.019177712,0.69532746,0.147334434,0.000208215,0.000109638,0.997609585,0.160469685,0.7536569,0.01328662,0.665903211,0.20739221,5.78E-05,6.71E-05,0.999667855,0.181791545,0.6997625,0.015589263,0.840127051,0.118499642,8.28E-05,5.90E-05,0.998086499,0.12702818,0.59557077,0.018881573,0.823694766,0.142285778,0.00018804,0.000138464,0.967289558,,,,,,,,
2021-09,603.7876211,596.84,0.386293205,0.35452503,0.023868243,0.567032874,0.173267875,0.409317186,0.000980931,0.014674856,0.093336715,0.79604245,0.015126124,0.672173471,0.19981803,2.58E-05,3.11E-05,0.999879567,0.1066853,0.67987178,0.018828758,0.605493516,0.220827164,3.59E-05,8.30E-05,0.997098868,0.189205765,0.4337928,0.018594909,0.721006751,0.092980819,0.000461376,0.000205269,0.453986572,0.147001945,0.76475907,0.014989204,0.795773417,0.160840376,5.65E-05,4.82E-05,0.999724717,0.309264852,0.678627365,0.012107746,0.423209191,0.222942964,0.470382134,0.001071182,0.528546684
2021-10,653.0889819,643.94,0.1833624,0.6699522,0.014271936,0.571834624,0.194546056,0.000265859,0.000149514,0.995945717,0.14504434,0.70411956,0.014588331,0.680538237,0.155035867,8.31E-05,7.23E-05,0.998458783,0.145468085,0.694782045,0.01922334,0.613830746,0.205694323,6.50E-05,0.000149978,0.998112477,0.13577276,0.299829975,0.027764839,0.766283632,0.125727976,0.000213416,0.000600071,0.002811202,0.190417435,0.524916885,0.011233132,0.847958833,0.117635301,0.000402508,0.000239145,0.592837831,0.010877462,0.016132094,0.9729905,0.529883802,0.341972452,2.20E-05,0.99997354,4.48E-06
2021-11,604.3181242,596.47,0.239624055,0.617023475,0.016330643,0.553247691,0.150799862,0.002984495,0.000428779,0.985965228,0.145863925,0.5625492,0.018240654,0.727194399,0.174406901,7.11E-05,8.35E-05,0.920390393,0.11866273,0.79696435,0.013459685,0.641786873,0.237048793,3.87E-05,4.98E-05,0.99989214,0.15391922,0.4525695,0.023439824,0.80617854,0.096506732,0.000150575,0.000212834,0.233024748,0.21186991,0.69081765,0.014587913,0.783147991,0.149456905,0.000118724,6.69E-05,0.996756117,0.20443104,0.7879068,0.009783817,0.540193617,0.211528342,8.38E-05,6.11E-05,0.999855133
2021-12,642.9904903,632.18,0.1383684,0.671736585,0.013912441,0.565446019,0.205583751,6.80E-05,5.89E-05,0.995423458,0.14839406,0.69942415,0.012406071,0.674888968,0.175362331,0.000232144,4.40E-05,0.998361957,0.15922749,0.73891044,0.020899843,0.64776808,0.198177111,5.98E-05,5.66E-05,0.999404806,0.179252005,0.481375725,0.01530523,0.774881333,0.106102572,0.000206007,0.000171546,0.434104273,0.206136435,0.50485102,0.011658839,0.801317692,0.148625157,0.000236683,0.000105945,0.626969929,0.772600525,0.21829115,0.009108334,0.64113301,0.23948178,0.990760167,0.000664711,0.008575122
2022-01,619.6573863,610.9,0.2102146,0.444273,0.020222798,0.669044077,0.208106857,0.000404874,0.000165089,0.167825507,0.1580088,0.612379315,0.018427553,0.70267871,0.15364431,0.000112651,0.000115589,0.987474442,0.13363862,0.7101505,0.017712293,0.68979913,0.226194412,0.000102749,8.82E-05,0.998897684,0.190949685,0.38861649,0.014714602,0.847457439,0.115022472,0.000281854,0.000205679,0.079399401,0.172632,0.51304225,0.015999052,0.740030796,0.166097554,0.000470535,0.00013674,0.62103348,0.07544303,0.9147732,0.010870353,0.618696868,0.313549482,1.33E-06,7.59E-06,0.999991072
2022-02,631.1159859,620.55,0.10129421,0.7232927,0.029305382,0.556722939,0.223318097,5.32E-05,0.000110728,0.99918354,0.17813236,0.649501,0.012282251,0.680179656,0.159926324,0.000252815,0.000117303,0.99286469,0.150425285,0.59755182,0.015764634,0.662504554,0.22334535,7.63E-05,6.86E-05,0.951872392,0.19238499,0.42994438,0.015587837,0.782581002,0.108717203,0.000114499,0.000195954,0.145166598,0.19380583,0.7532835,0.010753366,0.753509462,0.131745812,0.00019032,8.19E-05,0.999628911,0.580424775,0.218720459,0.200854761,0.428883061,0.121692248,0.943873377,0.042342051,0.013784572
2022-03,750.6905661,741.09,0.113749295,0.7942146,0.012400063,0.62398991,0.232043873,2.58E-05,1.62E-05,0.999887018,0.124634755,0.68929073,0.020917532,0.768308401,0.163108318,0.000196494,0.000144323,0.996867242,0.13951285,0.73855465,0.014495728,0.659602463,0.217878182,4.64E-05,5.65E-05,0.999500959,0.134335175,0.298585915,0.021185536,0.79708755,0.117513472,0.000175052,0.000181262,0.002905042,0.152637215,0.687330545,0.014579856,0.761107504,0.168862921,4.43E-05,0.000183153,0.997092002,0.080718376,0.85631704,0.060045492,0.377984613,0.257042318,3.09E-06,4.29E-05,0.99995474
2022-04,619.5622628,694.44,0.16274711,0.45925322,0.015755555,0.567481577,0.211618365,7.76E-05,9.07E-05,0.255474223,0.178714,0.69759583,0.013935877,0.791778803,0.162203195,0.000139785,4.85E-05,0.998204874,0.14866647,0.68771917,0.014276195,0.684857905,0.203770906,0.000141588,0.000109011,0.997721262,0.19664183,0.40580782,0.015903292,0.844440877,0.099185936,0.00040399,0.000246715,0.110681142,0.25013578,0.53622013,0.014059945,0.664285779,0.161403593,0.000572915,3.92E-05,0.787175964,0.30723235,0.6783224,0.014445341,0.478454113,0.172125286,0.002467632,0.000408679,0.99712369
2022-05,633.7680565,639.46,0.114005044,0.53518003,0.012963689,0.583414018,0.22728139,6.21E-05,9.07E-05,0.772170483,0.18618031,0.580715865,0.01334421,0.742273927,0.156426921,0.000149146,0.000112931,0.935606244,0.132880565,0.5298319,0.015609753,0.646688879,0.221279845,8.08E-05,0.000101814,0.88967915,0.16399528,0.4613814,0.014445691,0.84571445,0.107040203,0.000137141,0.00020131,0.432078395,0.15608758,0.62309563,0.01456649,0.79771328,0.14619729,9.73E-05,8.24E-05,0.985476069,0.07544303,0.4805752,0.01926195,0.482389122,0.277564517,2.01E-05,7.04E-05,0.389197028
2022-06,775.2458359,670.27,0.08663442,0.7011729,0.019801786,0.594022095,0.206323099,7.62E-05,0.000234609,0.99852881,0.14107844,0.75480527,0.017951997,0.759293079,0.172637946,6.50E-05,6.59E-05,0.99960894,0.115883455,0.498269385,0.017736343,0.651480019,0.247924736,4.38E-05,4.96E-05,0.700990246,0.16528347,0.42259777,0.021008758,0.874672413,0.112974223,0.000187993,0.000166325,0.098581723,0.22820523,0.5903138,0.016007027,0.753039181,0.171768715,0.000705835,8.74E-05,0.983924328,0.38013417,0.609384875,0.010480982,0.377915457,0.13269086,0.2128639,0.002264458,0.784871642
2022-07,744.5450827,642.12,0.13148068,0.36624065,0.014968547,0.560965538,0.21768591,5.99E-05,0.00010267,0.015704634,0.152261115,0.6162946,0.014798394,0.749266237,0.170460773,0.000140737,8.56E-05,0.978019026,0.26961103,0.5807012,0.01393604,0.654984027,0.18596319,0.000847944,0.000158114,0.942699079,0.18149422,0.3897088,0.017990916,0.902104676,0.084516035,0.000362826,0.001375152,0.092225732,0.191839835,0.4823559,0.014678151,0.72284937,0.157401768,0.000119038,6.55E-05,0.379293561,0.007463554,0.020078985,0.9724576,0.616144359,0.340632012,2.01E-05,0.999975182,4.74E-06
2022-08,657.0983466,618.75,0.16126862,0.4633817,0.02522874,0.570638597,0.195335055,0.000636029,0.000703653,0.269501147,0.12206828,0.59002817,0.018223783,0.740767658,0.177529227,8.36E-05,9.73E-05,0.972776491,0.12552917,0.707501125,0.017636175,0.645138771,0.247378781,2.99E-05,4.05E-05,0.998686893,0.17403858,0.43668962,0.016876771,0.85340178,0.09787391,0.00019522,0.000411514,0.174821688,0.12866291,0.65076786,0.018187575,0.829140961,0.140873295,9.21E-05,0.000208333,0.992081277,0.2901464,0.7021716,0.007681863,0.431929797,0.180475711,0.001258475,0.000251721,0.998489804
2022-09,775.7935727,696.69,0.16094705,0.621679,0.015399758,0.590666711,0.188286749,0.000146265,0.000101069,0.984592728,0.15664884,0.6868275,0.014518436,0.716632128,0.167528982,0.000106521,8.69E-05,0.997467541,0.085759547,0.617556225,0.016747692,0.631654859,0.255091244,3.61E-05,4.92E-05,0.95784702,0.12715838,0.44029535,0.025332854,0.903140784,0.123368466,6.02E-05,0.000403345,0.298329365,0.17840041,0.7226148,0.016239672,0.777346641,0.148008982,8.28E-05,5.37E-05,0.999034567,0.25067744,0.74039453,0.008927981,0.444290578,0.185514995,0.000373858,0.000135377,0.999490765
2022-10,808.0819346,581.26,0.115079705,0.58433995,0.016633763,0.598613084,0.220722817,7.73E-05,0.000111374,0.949312499,0.166863385,0.644531975,0.016029569,0.722351551,0.163177909,0.000196775,0.000153411,0.992707469,0.122814405,0.67266365,0.020363965,0.627966106,0.235181525,9.36E-05,7.23E-05,0.997486854,0.157994285,0.41685097,0.019521099,0.857631237,0.104076059,0.000185782,0.000449728,0.161274278,0.13864504,0.44841218,0.019009633,0.761671096,0.156379826,8.74E-05,8.88E-05,0.258177844,0.0526928,0.800507025,0.018262128,0.522162915,0.311672844,1.16E-05,0.000170362,0.998667642
2022-11,729.7501115,708.1,0.200272135,0.6023351,0.014690322,0.527691364,0.151055227,0.000630683,0.000436435,0.969287079,0.116191425,0.55917445,0.015185099,0.725619078,0.174138035,8.78E-05,0.0001262,0.898330483,0.1324142,0.73496574,0.017835276,0.672445416,0.22558196,5.38E-05,9.60E-05,0.999443298,0.14613698,0.5788074,0.019331265,0.893637717,0.113436463,8.97E-05,0.00020131,0.952519975,0.22936437,0.65364254,0.011680128,0.791442454,0.134916657,0.000812138,9.54E-05,0.992863166,0.296603995,0.692073565,0.020390835,0.650693148,0.277564517,0.003444427,7.04E-05,0.996165882
2022-12,,625.18,0.097394038,0.722528215,0.017673712,0.611879766,0.222096463,3.86E-05,4.05E-05,0.999121832,0.125844175,0.518861355,0.018549591,0.676524311,0.176312937,0.000129012,0.000165001,0.76063723,0.14230103,0.467854485,0.018136611,0.615858406,0.179557775,0.000313387,0.000269856,0.496230428,0.19611044,0.53218425,0.0153995,0.884110093,0.099359983,0.000238868,0.00016783,0.818687139,0.14794663,0.6573767,0.013423452,0.810486972,0.153801663,7.80E-05,7.34E-05,0.994793012,0.4032353,0.486585375,0.014213553,0.481137573,0.227813732,0.24134217,0.000809445,0.442544592
2023-01,,533.78,0.17272441,0.7182514,0.012736278,0.641524553,0.212576154,0.000135757,8.06E-05,0.999072153,0.16327375,0.70285624,0.015170259,0.652389228,0.162406024,0.000163597,8.30E-05,0.998357378,0.11429438,0.7619982,0.013144897,0.62962243,0.231471646,3.12E-05,5.71E-05,0.999699272,0.152643995,0.414697375,0.018079255,0.893258483,0.114661765,0.000122248,0.000291214,0.137655773,0.42816058,0.3687714,0.012083693,0.743264079,0.110217939,0.107099864,0.000317427,0.015454417,0.1659032,0.054647185,0.77944964,0.430744857,0.235243246,0.001249565,0.998693546,5.69E-05
2023-02,,670.75,0.12468215,0.48973772,0.012830221,0.562965214,0.192100319,0.00017023,0.000324298,0.450479954,0.074716825,0.63774195,0.021488997,0.642389328,0.175596031,0.000110696,0.000127833,0.991885414,0.22357231,0.71279234,0.010689482,0.624703109,0.201698735,0.00033097,6.55E-05,0.999005495,0.25192036,0.44290014,0.013421668,0.927121759,0.099668866,0.00056547,0.000321543,0.28152307,0.1870217,0.80090266,0.012704246,0.790738523,0.163500288,5.40E-05,1.81E-05,0.999898712,,,,,,,,
2023-03,,629.3,0.106990398,0.65755519,0.01680178,0.578238994,0.219056985,4.81E-05,7.83E-05,0.993429849,0.17838979,0.51380306,0.01582579,0.680535674,0.155169251,0.000269452,7.24E-05,0.769482297,0.1811318,0.6973025,0.01279644,0.637064755,0.176481177,0.000217581,0.000138214,0.99834655,0.18251841,0.43050876,0.0177787,0.840162218,0.095770217,0.000329815,0.000251508,0.123570945,0.15147108,0.67450305,0.013585782,0.807143092,0.150524972,0.000102413,7.29E-05,0.996141894,0.345278808,0.49823158,0.017485736,0.524359911,0.301399915,0.491796359,1.08E-05,0.500013824
2023-04,,648.19,0.114741825,0.784850745,0.014301132,0.568394751,0.202786951,6.21E-05,4.78E-05,0.999854382,0.10984817,0.69759583,0.013153693,0.645469248,0.176587383,3.55E-05,9.54E-05,0.998145768,0.12750627,0.704262485,0.012643045,0.593647033,0.207841669,0.000103938,0.000121319,0.998433945,0.15344023,0.44524991,0.015022652,0.916216612,0.129096868,7.21E-05,0.000381714,0.204702734,0.11693035,0.51045126,0.019162351,0.797415853,0.151840457,4.64E-05,8.26E-05,0.596212152,,,,,,,,
2023-05,,664.16,0.13798482,0.6023778,0.015849174,0.620333821,0.218440992,8.12E-05,8.06E-05,0.970935413,0.15418941,0.6525123,0.015480594,0.741334677,0.163139892,0.000119156,9.38E-05,0.993307622,0.135785395,0.72635158,0.014978827,0.664241821,0.218949917,5.49E-05,7.31E-05,0.999212601,0.15982407,0.50087965,0.017610207,0.808991373,0.112591096,0.000156676,0.000186487,0.675403661,0.1826098,0.6452065,0.012620946,0.787317753,0.148767044,0.000177327,7.25E-05,0.991119719,0.30723235,0.6108223,0.010821424,0.505731642,0.211528342,0.004563639,0.00016089,0.974972997
2023-06,,657.88,0.088672573,0.80652991,0.020144026,0.653656245,0.219723811,1.43E-05,2.58E-05,0.999875596,0.193569245,0.564006315,0.014559112,0.676044613,0.125606469,0.000824718,0.000204602,0.91259648,0.16840127,0.77043813,0.013280888,0.687651217,0.214224448,6.88E-05,4.97E-05,0.999807627,0.19444782,0.35319895,0.01508074,0.925799668,0.112568114,0.00031053,0.000206523,0.020572866,0.069243277,0.88069215,0.02376477,0.886139542,0.207850967,5.92E-06,9.76E-06,0.999979679,,,,,,,,
2023-07,,,0.1421896,0.6737095,0.01813136,0.547578275,0.205443091,6.28E-05,5.67E-05,0.996602857,0.19042502,0.5736197,0.014854008,0.607322037,0.169079356,0.00063025,5.35E-05,0.977384901,0.105090775,0.688034225,0.0155389,0.679462076,0.222252453,2.90E-05,0.000111432,0.994449214,0.14649986,0.33440735,0.026319796,0.91416964,0.113675374,0.000182598,0.000494023,0.019687882,0.35853827,0.166699625,0.010329526,0.783744931,0.159170314,0.333411068,3.29E-05,0.000384275,,,,,,,,
2023-08,,,0.171020795,0.62509738,0.011584534,0.684753329,0.204966241,0.000230195,9.78E-05,0.952702383,0.19990346,0.6354843,0.012925862,0.69945842,0.12848979,0.000481051,0.000175839,0.988408201,0.12326234,0.72388846,0.012669401,0.637517214,0.20552956,3.51E-05,0.000238574,0.998624917,0.118520735,0.4362257,0.033860967,0.917060316,0.11211181,0.000102865,0.000786894,0.155963175,0.295059165,0.48578722,0.010107502,0.822987646,0.124589426,0.009791227,0.00049878,0.494427349,0.62352335,0.36801094,0.008465714,0.679613531,0.175424467,0.981536724,0.001314197,0.017149079
